DATE,labor_percent,total_emp_cons,new_private_house,GDP,p_saving_rate,PPI_Cement,permit,income,IPI_Cement,mortgage_rate,home_ow_rate,MSPUS,target,PPI_Concrete,all_Const_Emp,emratio,monthly_supply,unemployed_rate,house_st,population,new_private_hw_under
1987-01-01,65.4,5007.0,9402.222448923754,4722.156,9.4,100.1,1690.0,3820.2,123.7373,9.204,63.9,97900.0,63.735,4.703203926259457,722.3,61.0,6.0,6.6,1774.0,241857.0,1090.0
1987-02-01,65.5,5038.0,8834.309923117578,4722.156,8.2,100.8,1689.0,3845.0,123.167,9.0825,63.9,97900.0,64.135,4.703203926259457,724.2,61.1,6.2,6.6,1784.0,242005.0,1096.0
1987-03-01,65.5,5039.0,8359.28256541693,4722.156,8.1,101.2,1704.0,3863.8,122.5706,9.035,63.9,97900.0,64.47,4.703203926259457,727.9,61.2,6.0,6.6,1726.0,242166.0,1084.0
1987-04-01,65.4,5053.0,8611.578608611078,4806.16,4.1,100.8,1601.0,3875.4,123.5345,9.8325,63.9,103400.0,64.973,4.703203926259457,728.1,61.3,6.0,6.3,1614.0,242338.0,1079.0
1987-05-01,65.7,5080.0,8476.017289982936,4806.16,7.8,101.2,1500.0,3908.6,123.8454,10.596,63.9,103400.0,65.547,4.697749367281185,727.6,61.6,6.7,6.3,1628.0,242516.0,1070.0
1987-06-01,65.5,5086.0,7998.834983181915,4806.16,7.3,101.2,1522.0,3919.7,123.3012,10.5375,63.9,103400.0,66.218,4.697749367281185,728.5,61.4,6.9,6.2,1594.0,242706.0,1060.0
1987-07-01,65.6,5092.0,8304.098283647558,4884.555,7.1,101.1,1516.0,3942.1,127.3025,10.278,64.1,106000.0,66.786,4.697749367281185,732.1,61.6,6.7,6.1,1575.0,242908.0,1051.0
1987-08-01,65.7,5102.0,7931.979598642457,4884.555,6.8,101.1,1511.0,3978.6,122.6327,10.33,64.1,106000.0,67.27,4.697749367281185,729.2,61.8,6.8,6.0,1605.0,243118.0,1045.0
1987-09-01,65.5,5096.0,7707.915354156771,4884.555,7.2,101.1,1514.0,3995.6,125.4097,10.8875,64.1,106000.0,67.624,4.697749367281185,731.6,61.6,6.8,5.9,1695.0,243335.0,1048.0
1987-10-01,65.7,5142.0,7647.574557258976,5007.994,7.9,101.0,1447.0,4034.7,127.4145,11.26,64.1,111500.0,67.903,4.697749367281185,741.3,61.8,6.8,6.0,1515.0,243543.0,1041.0
1987-11-01,65.7,5152.0,7653.604449251637,5007.994,8.2,100.9,1457.0,4062.1,127.2895,10.65,64.1,111500.0,68.093,4.697749367281185,742.8,61.9,7.0,5.8,1656.0,243724.0,1042.0
1987-12-01,65.7,5180.0,7980.5907873030255,5007.994,8.4,100.6,1345.0,4115.7,124.5768,10.64,64.1,111500.0,68.344,4.697749367281185,743.5,62.0,7.6,5.7,1400.0,243895.0,1018.0
1988-01-01,65.8,5094.0,7509.145247405177,5073.372,7.9,100.7,1244.0,4128.2,111.7494,10.3825,63.8,110000.0,68.583,4.697749367281185,745.0,62.0,7.5,5.7,1271.0,244056.0,1008.0
1988-02-01,65.9,5162.0,6889.513568044295,5073.372,8.4,101.5,1438.0,4153.0,119.6235,9.8925,63.8,110000.0,68.916,4.697749367281185,747.0,62.1,6.6,5.7,1473.0,244205.0,976.0
1988-03-01,65.7,5201.0,7786.497029659836,5073.372,8.0,101.1,1525.0,4178.3,124.8638,9.93,63.8,110000.0,69.325,4.722063937459591,750.1,61.9,6.6,5.7,1532.0,244362.0,994.0
1988-04-01,65.8,5227.0,7877.361773221525,5190.036,8.7,101.6,1429.0,4209.5,123.2387,10.202,63.8,110000.0,69.789,4.722063937459591,754.0,62.2,6.4,5.4,1573.0,244528.0,999.0
1988-05-01,65.7,5228.0,7084.990620381519,5190.036,8.3,102.3,1444.0,4225.9,125.8846,10.455,63.8,110000.0,70.4089999999999,4.722063937459591,751.2,62.0,6.6,5.6,1421.0,244708.0,987.0
1988-06-01,65.8,5261.0,7257.652032482941,5190.036,8.4,101.7,1485.0,4258.9,126.7927,10.46,63.8,110000.0,71.068,4.722063937459591,757.0,62.3,6.2,5.4,1478.0,244914.0,980.0
1988-07-01,65.9,5270.0,7347.277986832562,5282.835,8.6,101.5,1439.0,4298.8,120.8889,10.432,63.8,115000.0,71.686,4.72384171570559,747.1,62.3,6.6,5.4,1467.0,245131.0,971.0
1988-08-01,66.1,5268.0,7491.125894983443,5282.835,8.4,101.4,1460.0,4323.0,119.923,10.5975,63.8,115000.0,72.185,4.718498871295094,744.5,62.4,6.6,5.6,1493.0,245352.0,967.0
1988-09-01,65.9,5270.0,7371.214605239982,5282.835,8.8,100.9,1436.0,4352.5,121.2472,10.48,63.8,115000.0,72.574,4.722953221644475,740.5,62.4,6.5,5.4,1492.0,245579.0,958.0
1988-10-01,66.0,5262.0,7359.2443875162735,5399.509,8.6,100.7,1516.0,4391.1,120.9774,10.3025,63.8,113900.0,72.822,4.722953221644475,732.8,62.5,6.0,5.4,1522.0,245789.0,953.0
1988-11-01,66.2,5273.0,6636.427019988884,5399.509,8.4,100.6,1508.0,4402.5,121.3659,10.265,63.8,113900.0,73.065,4.725616339063959,731.7,62.7,7.2,5.3,1569.0,245970.0,960.0
1988-12-01,66.1,5277.0,7467.113310124595,5399.509,8.3,100.6,1501.0,4438.6,127.0205,10.612,63.8,113900.0,73.279,4.725616339063959,730.4,62.6,6.8,5.3,1563.0,246140.0,955.0
1989-01-01,66.5,5289.0,7551.223374062107,5511.253,8.5,100.7,1466.0,4501.5,132.6783,10.73,64.0,118000.0,73.617,4.725616339063959,734.9,62.9,6.2,5.4,1621.0,246301.0,955.0
1989-02-01,66.3,5278.0,7768.348930543018,5511.253,8.9,100.2,1383.0,4529.6,114.8575,10.645,64.0,118000.0,73.968,4.739701078945697,721.9,62.9,7.5,5.2,1425.0,246454.0,947.0
1989-03-01,66.3,5260.0,6842.287390443028,5511.253,9.4,100.2,1214.0,4570.2,115.9009,11.032,64.0,118000.0,74.41,4.745801315727837,707.1,62.9,8.2,5.0,1422.0,246626.0,940.0
1989-04-01,66.4,5295.0,7437.118864364569,5612.463,8.3,101.2,1376.0,4582.5,119.4545,11.05,63.9,118900.0,74.868,4.81380905109942,707.9,62.9,7.4,5.2,1339.0,246814.0,922.0
1989-05-01,66.3,5299.0,6883.606813904234,5612.463,8.0,101.2,1381.0,4579.4,118.1679,10.7725,63.9,118900.0,75.296,4.81380905109942,709.3,62.9,7.1,5.2,1331.0,247010.0,913.0
1989-06-01,66.5,5298.0,6280.631360339622,5612.463,8.1,101.2,1322.0,4602.2,117.488,10.196,63.9,118900.0,75.696,4.81380905109942,706.6,63.0,7.2,5.3,1397.0,247228.0,913.0
1989-07-01,66.5,5317.0,6513.506817374272,5695.365,8.1,101.2,1283.0,4628.5,117.972,9.8825,63.9,120000.0,76.042,4.81380905109942,708.9,63.0,6.1,5.2,1427.0,247458.0,918.0
1989-08-01,66.5,5330.0,6765.6811227660755,5695.365,7.5,100.9,1334.0,4639.1,123.8397,9.985,63.9,120000.0,76.273,4.81380905109942,716.6,63.1,6.4,5.2,1332.0,247695.0,901.0
1989-09-01,66.4,5323.0,6234.256818232034,5695.365,7.9,101.6,1314.0,4662.3,120.7576,10.126,63.9,120000.0,76.422,4.81380905109942,710.1,62.8,7.1,5.3,1279.0,247942.0,895.0
1989-10-01,66.5,5347.0,6205.307013120731,5747.237,8.4,101.7,1365.0,4703.0,124.1226,9.9475,63.7,124800.0,76.4889999999999,4.81380905109942,707.5,62.9,6.9,5.3,1410.0,248174.0,897.0
1989-11-01,66.6,5364.0,7037.503903209987,5747.237,8.5,101.6,1344.0,4718.1,125.519,9.7675,63.7,124800.0,76.5219999999999,4.81380905109942,708.1,63.0,6.6,5.4,1351.0,248380.0,882.0
1989-12-01,66.5,5309.0,6037.922356510111,5747.237,7.7,101.7,1422.0,4735.7,114.9318,9.744,63.7,124800.0,76.498,4.81380905109942,705.7,63.0,7.0,5.4,1251.0,248569.0,885.0
1990-01-01,66.8,5422.0,7233.78828078941,5872.701,7.9,101.7,1748.0,4783.8,138.1363,9.895,64.1,123900.0,76.527,4.81380905109942,710.3,63.2,7.0,5.4,1551.0,248743.0,891.0
1990-02-01,66.7,5416.0,6315.456414375264,5872.701,8.5,101.7,1329.0,4819.8,134.7538,10.1975,64.1,123900.0,76.587,4.81380905109942,707.3,63.2,7.6,5.3,1437.0,248920.0,898.0
1990-03-01,66.7,5392.0,6274.83085880067,5872.701,8.3,102.0,1246.0,4842.7,132.5115,10.268,64.1,123900.0,76.79,4.81380905109942,703.0,63.2,7.8,5.2,1289.0,249146.0,885.0
1990-04-01,66.6,5355.0,6199.520225099658,5960.028,8.7,102.5,1136.0,4883.8,127.1853,10.37,63.9,126800.0,77.038,4.81380905109942,692.5,63.0,8.3,5.4,1248.0,249436.0,872.0
1990-05-01,66.6,5321.0,6309.649617260578,5960.028,8.7,102.5,1067.0,4889.5,123.8842,10.4775,63.9,126800.0,77.297,4.81380905109942,688.6,63.1,8.2,5.4,1212.0,249707.0,858.0
1990-06-01,66.4,5303.0,5802.823144736325,5960.028,8.6,102.4,1108.0,4919.3,123.1067,10.164,63.9,126800.0,77.505,4.81380905109942,681.4,62.9,7.9,5.2,1177.0,249990.0,846.0
1990-07-01,66.5,5274.0,5986.158721438892,6015.116,8.7,102.7,1078.0,4948.2,122.3559,10.035,63.9,117000.0,77.561,4.81380905109942,673.9,62.8,7.8,5.5,1171.0,250285.0,831.0
1990-08-01,66.5,5234.0,6055.196295665774,6015.116,8.1,102.8,1069.0,4949.9,119.6385,10.1,63.9,117000.0,77.479,4.81380905109942,663.3,62.7,8.2,5.7,1115.0,250595.0,813.0
1990-09-01,66.4,5197.0,6084.0076726808265,6015.116,8.1,103.5,976.0,4978.6,118.6876,10.175,63.9,117000.0,77.229,4.837867950107113,656.8,62.5,8.4,5.9,1110.0,250904.0,793.0
1990-10-01,66.4,5134.0,5911.543851978813,6004.733,7.9,103.6,925.0,4966.5,113.6963,10.1775,64.0,121500.0,76.9119999999999,4.837867950107113,646.3,62.5,8.7,5.9,1014.0,251201.0,766.0
1990-11-01,66.4,5095.0,5717.271923719663,6004.733,8.0,103.7,941.0,4973.5,116.5566,10.014,64.0,121500.0,76.381,4.864452783918174,633.8,62.3,8.2,6.2,1145.0,251486.0,758.0
1990-12-01,66.4,5047.0,5293.317207534448,6004.733,8.8,103.8,861.0,5004.1,108.5216,9.6725,64.0,121500.0,75.972,4.864452783918174,624.3,62.2,8.5,6.3,969.0,251758.0,745.0
1991-01-01,66.2,4972.0,5159.021987991162,6035.178,9.4,105.0,786.0,4990.4,101.5934,9.6375,64.0,120000.0,75.533,4.864452783918174,610.0,62.0,9.4,6.4,798.0,252012.0,716.0
1991-02-01,66.2,4929.0,4831.801869806134,6035.178,9.0,105.3,853.0,4997.1,108.6813,9.365,64.0,120000.0,75.249,4.867534450455582,600.3,61.9,7.9,6.6,965.0,252253.0,710.0
1991-03-01,66.3,4881.0,5310.151539947016,6035.178,8.1,105.8,911.0,5005.8,105.2613,9.5,64.0,120000.0,75.136,4.876722876509988,598.0,61.8,7.3,6.8,921.0,252507.0,678.0
1991-04-01,66.4,4842.0,4848.338119568334,6126.862,8.7,106.3,916.0,5034.3,104.176,9.4925,64.1,119900.0,75.315,4.882044059723269,587.6,62.0,7.3,6.7,1001.0,252778.0,670.0
1991-05-01,66.2,4800.0,4721.844745656391,6126.862,8.5,106.7,991.0,5055.9,104.1175,9.472,64.1,119900.0,75.768,4.882044059723269,584.8,61.6,7.0,6.9,996.0,253060.0,662.0
1991-06-01,66.2,4782.0,4848.338119568334,6126.862,9.0,106.6,964.0,5090.8,105.9744,9.615,64.1,119900.0,76.253,4.882044059723269,579.9,61.7,7.0,6.9,1036.0,253350.0,654.0
1991-07-01,66.1,4752.0,4754.7797174559855,6205.937,8.4,106.4,973.0,5087.0,107.988,9.575,64.1,120000.0,76.517,4.882044059723269,574.1,61.6,7.1,6.8,1063.0,253650.0,652.0
1991-08-01,66.0,4733.0,4612.38748598631,6205.937,8.7,106.2,944.0,5108.4,107.1435,9.244,64.1,120000.0,76.594,4.882044059723269,569.3,61.5,6.8,6.9,1049.0,253966.0,651.0
1991-09-01,66.2,4728.0,5535.602156081139,6205.937,8.9,105.4,974.0,5141.5,108.3246,9.0075,64.1,120000.0,76.575,4.918520005188451,568.2,61.6,7.4,6.9,1015.0,254280.0,633.0
1991-10-01,66.1,4698.0,4754.7797174559855,6264.54,9.4,105.5,991.0,5157.7,108.7024,8.855,64.1,120000.0,76.29,4.900820428089049,563.3,61.5,6.7,7.0,1079.0,254576.0,630.0
1991-11-01,66.1,4640.0,4411.233774703017,6264.54,9.1,105.0,984.0,5177.0,103.8766,8.712,64.1,120000.0,76.03,4.900820428089049,558.2,61.4,6.2,7.0,1103.0,254841.0,636.0
1991-12-01,66.0,4647.0,4351.772961513353,6264.54,9.8,104.9,1061.0,5233.0,108.3124,8.4975,64.1,120000.0,75.844,4.900820428089049,554.8,61.2,6.2,7.3,1079.0,255089.0,633.0
1992-01-01,66.3,4667.0,4672.5266968893,6363.102,9.5,106.1,1077.0,5264.8,111.4657,8.432,64.1,119500.0,75.7,4.900820428089049,551.4,61.5,5.2,7.3,1176.0,255331.0,639.0
1992-02-01,66.2,4612.0,4875.923118546697,6363.102,9.8,105.8,1146.0,5303.2,110.439,8.7625,64.1,119500.0,75.655,4.900820428089049,545.6,61.3,4.9,7.4,1250.0,255576.0,630.0
1992-03-01,66.4,4621.0,5042.072839792168,6363.102,9.7,105.4,1082.0,5323.8,110.438,8.935,64.1,119500.0,75.814,4.900820428089049,544.7,61.5,6.1,7.4,1297.0,255848.0,656.0
1992-04-01,66.5,4603.0,4793.2604559614365,6470.763,9.8,105.2,1054.0,5357.4,113.3044,8.8525,64.1,120000.0,76.08,4.900820428089049,542.6,61.6,6.1,7.4,1099.0,256139.0,650.0
1992-05-01,66.6,4605.0,5371.966866762367,6470.763,9.8,105.5,1056.0,5392.4,113.5843,8.672,64.1,120000.0,76.398,4.900820428089049,542.6,61.5,6.0,7.6,1214.0,256437.0,650.0
1992-06-01,66.7,4584.0,5383.2210661558765,6470.763,10.0,105.4,1057.0,5424.0,112.737,8.51,64.1,120000.0,76.602,4.900820428089049,542.7,61.5,5.6,7.8,1145.0,256742.0,644.0
1992-07-01,66.7,4570.0,5734.362215538795,6566.641,9.5,105.0,1089.0,5437.1,112.1383,8.128,64.1,120000.0,76.711,4.900820428089049,546.7,61.6,5.3,7.7,1139.0,257063.0,629.0
1992-08-01,66.6,4581.0,5108.836555940083,6566.641,9.6,105.1,1075.0,5465.1,111.8263,7.975,64.1,120000.0,76.732,4.900820428089049,553.0,61.6,5.2,7.6,1226.0,257390.0,635.0
1992-09-01,66.5,4584.0,5014.305578136305,6566.641,8.6,104.8,1114.0,5452.8,112.6484,7.9225,64.1,120000.0,76.628,4.900820428089049,556.9,61.4,5.0,7.6,1186.0,257704.0,638.0
1992-10-01,66.2,4600.0,5103.266342380173,6680.803,7.9,105.4,1132.0,5444.9,114.3146,8.088,64.3,126000.0,76.598,4.900820428089049,558.0,61.3,5.1,7.3,1244.0,258004.0,643.0
1992-11-01,66.3,4606.0,5580.911574555003,6680.803,7.9,105.5,1118.0,5467.4,104.542,8.305,64.3,126000.0,76.579,4.900820428089049,560.0,61.4,5.4,7.4,1214.0,258280.0,641.0
1992-12-01,66.3,4630.0,5439.561182478973,6680.803,10.5,105.4,1176.0,5676.8,104.9759,8.206,64.3,126000.0,76.464,4.900820428089049,560.2,61.4,5.0,7.4,1227.0,258546.0,638.0
1993-01-01,66.2,4664.0,5080.99741604558,6729.459,8.5,106.2,1177.0,5534.1,104.6167,7.9925,63.9,125000.0,76.395,4.900820428089049,563.4,61.4,5.4,7.3,1210.0,258799.0,636.0
1993-02-01,66.2,4714.0,5649.011062674338,6729.459,8.8,106.8,1148.0,5568.0,104.4493,7.6825,63.9,125000.0,76.327,4.900820428089049,568.1,61.4,5.3,7.1,1210.0,259036.0,640.0
1993-03-01,66.2,4676.0,4914.593563341954,6729.459,8.8,107.0,1056.0,5565.0,102.9615,7.495,63.9,125000.0,76.382,4.900820428089049,570.5,61.5,5.4,7.0,1083.0,259283.0,633.0
1993-04-01,66.1,4690.0,5535.602156081139,6808.939,8.7,111.2,1104.0,5621.8,104.3104,7.472,64.0,127000.0,76.66,4.911183215124596,575.2,61.5,4.7,7.1,1258.0,259547.0,636.0
1993-05-01,66.4,4753.0,4947.787234282361,6808.939,8.2,111.7,1112.0,5637.9,107.9121,7.465,64.0,127000.0,77.03,4.92870191133357,582.4,61.7,5.3,7.1,1260.0,259822.0,648.0
1993-06-01,66.5,4760.0,5405.743306331102,6808.939,7.7,111.9,1130.0,5632.9,108.1358,7.4175,64.0,127000.0,77.516,4.92870191133357,582.3,61.8,5.2,7.0,1280.0,260109.0,654.0
1993-07-01,66.4,4783.0,4831.801869806134,6882.098,7.5,111.6,1174.0,5660.1,109.5383,7.206,64.0,127000.0,77.885,4.92870191133357,582.9,61.8,5.3,6.9,1254.0,260411.0,663.0
1993-08-01,66.4,4806.0,5808.535404129041,6882.098,7.6,112.6,1230.0,5682.0,110.2556,7.1125,64.0,127000.0,78.131,4.92870191133357,582.8,62.0,5.5,6.8,1300.0,260717.0,665.0
1993-09-01,66.2,4823.0,5287.708094010459,6882.098,6.8,112.7,1251.0,5675.1,109.121,6.915,64.0,127000.0,78.198,4.92870191133357,586.3,61.7,4.9,6.7,1343.0,261015.0,677.0
1993-10-01,66.3,4868.0,5705.883957141899,7013.738,6.2,113.2,1287.0,5669.1,109.8777,6.834,64.1,127000.0,78.172,4.92870191133357,591.1,61.8,5.0,6.8,1392.0,261294.0,687.0
1993-11-01,66.3,4887.0,5643.329925452196,7013.738,6.2,113.4,1357.0,5694.4,112.0146,7.155,64.1,127000.0,78.17,4.92870191133357,599.3,61.9,4.8,6.6,1376.0,261550.0,695.0
1993-12-01,66.4,4925.0,5951.698286256459,7013.738,9.0,113.4,1461.0,5893.8,112.6733,7.172,64.1,127000.0,78.113,4.92870191133357,607.1,62.0,4.5,6.5,1533.0,261796.0,703.0
1994-01-01,66.6,4940.0,5603.593400337217,7115.652,7.0,113.9,1390.0,5779.0,106.0954,7.06,64.0,130000.0,78.198,4.92870191133357,614.1,62.2,5.9,6.6,1272.0,262021.0,709.0
1994-02-01,66.6,4923.0,6321.264258698763,7115.652,6.4,114.5,1269.0,5798.0,105.0822,7.1525,64.0,130000.0,78.204,4.92870191133357,609.4,62.3,5.0,6.6,1337.0,262237.0,716.0
1994-03-01,66.5,4990.0,5768.57276377406,7115.652,6.7,115.3,1342.0,5829.4,116.9048,7.675,64.0,130000.0,78.3489999999999,4.9279780604152466,620.4,62.1,4.8,6.5,1564.0,262491.0,732.0
1994-04-01,66.5,5047.0,6443.469865756119,7246.931,6.3,117.7,1392.0,5890.5,116.956,8.316,63.9,130000.0,78.701,4.9279780604152466,622.1,62.3,5.2,6.4,1465.0,262754.0,740.0
1994-05-01,66.6,5084.0,6771.567901644368,7246.931,7.5,118.4,1396.0,5911.1,119.7682,8.5975,63.9,130000.0,79.208,4.9279780604152466,625.4,62.5,5.3,6.1,1526.0,263014.0,749.0
1994-06-01,66.4,5097.0,6222.673725580275,7246.931,6.8,119.5,1357.0,5917.5,118.8258,8.3975,63.9,130000.0,79.701,4.950885289690482,627.6,62.3,6.2,6.1,1409.0,263294.0,757.0
1994-07-01,66.4,5125.0,5905.811859590405,7331.075,6.9,119.6,1335.0,5946.4,117.5506,8.614,63.9,129700.0,80.063,4.950885289690482,630.0,62.3,6.3,6.1,1439.0,263580.0,764.0
1994-08-01,66.6,5139.0,6292.235515028523,7331.075,6.4,120.7,1377.0,5968.7,119.2109,8.5125,63.9,129700.0,80.317,4.950885289690482,631.9,62.6,6.1,6.0,1450.0,263871.0,773.0
1994-09-01,66.6,5175.0,6677.500253316788,7331.075,6.7,121.0,1412.0,6001.5,121.4776,8.64,63.9,129700.0,80.34,4.950885289690482,633.2,62.7,6.0,5.9,1474.0,264159.0,774.0
1994-10-01,66.7,5177.0,6466.799012369585,7455.288,7.0,121.5,1397.0,6065.3,118.9145,8.925,64.1,132000.0,80.304,4.950885289690482,634.5,62.9,5.6,5.8,1450.0,264430.0,775.0
1994-11-01,66.7,5210.0,6391.039860766625,7455.288,6.9,121.4,1340.0,6075.4,123.8681,9.17,64.1,132000.0,80.17,4.950885289690482,632.4,63.0,6.3,5.6,1511.0,264681.0,785.0
1994-12-01,66.7,5226.0,6513.506817374272,7455.288,7.0,121.3,1396.0,6108.1,128.9246,9.198,64.1,132000.0,80.078,4.950885289690482,633.1,63.1,6.6,5.5,1455.0,264924.0,784.0
1995-01-01,66.8,5234.0,6730.381558241418,7522.289,7.3,122.5,1282.0,6148.6,126.5968,9.1475,64.4,130000.0,80.027,4.950885289690482,633.2,63.0,6.8,5.6,1407.0,265157.0,783.0
1995-02-01,66.8,5192.0,5980.4126072715035,7522.289,7.7,123.2,1254.0,6173.3,124.8849,8.8275,64.4,130000.0,79.992,4.950885289690482,630.1,63.1,7.3,5.4,1316.0,265383.0,793.0
1995-03-01,66.7,5242.0,6671.629607228753,7522.289,7.4,123.2,1226.0,6200.3,127.4955,8.462,64.4,130000.0,80.078,4.950885289690482,630.4,63.1,6.8,5.4,1249.0,265625.0,771.0
1995-04-01,66.9,5252.0,6257.435664489575,7580.997,6.8,128.0,1259.0,6223.9,122.7703,8.32,64.7,133900.0,80.369,4.950885289690482,629.5,63.1,6.7,5.8,1267.0,265877.0,761.0
1995-05-01,66.5,5220.0,6164.821758420251,7580.997,7.0,128.6,1271.0,6238.3,119.6881,7.955,64.7,133900.0,80.691,4.950885289690482,628.0,62.7,6.3,5.6,1314.0,266134.0,758.0
1995-06-01,66.5,5250.0,5683.121395395002,7580.997,6.5,128.5,1305.0,6267.4,124.2416,7.566,64.7,133900.0,81.069,4.958639998977875,626.1,62.7,5.8,5.6,1281.0,266414.0,759.0
1995-07-01,66.6,5262.0,6315.456414375264,7683.125,6.9,128.8,1354.0,6296.3,124.9272,7.6075,64.8,132000.0,81.413,4.958639998977875,626.0,62.8,5.6,5.7,1461.0,266700.0,762.0
1995-08-01,66.6,5286.0,5814.248765351664,7683.125,6.6,128.8,1386.0,6319.0,125.634,7.86,64.8,132000.0,81.655,4.958639998977875,627.5,62.8,6.1,5.7,1416.0,266998.0,774.0
1995-09-01,66.6,5324.0,5894.351147754834,7683.125,6.6,129.0,1421.0,6347.7,126.1997,7.636,64.8,132000.0,81.7389999999999,4.958639998977875,629.9,62.9,6.3,5.6,1369.0,267304.0,780.0
1995-10-01,66.6,5353.0,6216.883763960117,7772.586,7.0,128.8,1400.0,6373.5,128.0076,7.475,65.1,138000.0,81.727,4.958639998977875,634.2,62.9,6.3,5.5,1369.0,267585.0,781.0
1995-11-01,66.5,5358.0,6361.9484417844415,7772.586,6.4,128.8,1430.0,6394.0,127.8461,7.3775,65.1,138000.0,81.631,4.958639998977875,637.5,62.8,6.8,5.6,1452.0,267829.0,786.0
1995-12-01,66.4,5344.0,5445.201512701402,7772.586,6.0,128.5,1442.0,6417.8,126.2146,7.2,65.1,138000.0,81.514,4.958639998977875,638.6,62.7,6.4,5.6,1431.0,268047.0,799.0
1996-01-01,66.4,5355.0,6607.119469320118,7868.468,6.5,128.5,1387.0,6453.9,123.7242,7.03,65.3,137000.0,81.4269999999999,4.958639998977875,642.0,62.7,6.4,5.6,1467.0,268258.0,803.0
1996-02-01,66.6,5415.0,6112.8458307225565,7868.468,6.6,129.2,1420.0,6517.8,124.1369,7.075,65.3,137000.0,81.399,4.958639998977875,647.0,62.9,5.3,5.5,1491.0,268480.0,793.0
1996-03-01,66.6,5446.0,6414.331713405168,7868.468,6.4,129.2,1437.0,6560.4,123.1088,7.624,65.3,137000.0,81.665,4.958639998977875,650.1,63.0,6.2,5.5,1424.0,268724.0,814.0
1996-04-01,66.7,5474.0,6170.602183014683,8032.84,5.5,132.3,1463.0,6597.3,130.1377,7.925,65.4,139900.0,82.125,4.958639998977875,654.9,63.0,6.0,5.6,1516.0,268980.0,827.0
1996-05-01,66.7,5498.0,6730.381558241418,8032.84,6.5,133.7,1457.0,6637.3,130.1725,8.07,65.4,139900.0,82.602,4.958639998977875,658.7,63.0,5.9,5.6,1504.0,269247.0,832.0
1996-06-01,66.7,5534.0,6812.803429471348,8032.84,6.9,133.8,1429.0,6681.3,129.1709,8.32,65.4,139900.0,83.0489999999999,4.958639998977875,663.3,63.2,6.0,5.3,1467.0,269527.0,826.0
1996-07-01,66.9,5557.0,6907.239788097822,8131.408,6.5,133.9,1450.0,6681.6,128.2446,8.245,65.4,140000.0,83.419,4.958639998977875,664.6,63.3,5.7,5.5,1472.0,269822.0,824.0
1996-08-01,66.7,5586.0,6996.004495283291,8131.408,6.4,134.2,1413.0,6709.4,130.1944,8.002,65.4,140000.0,83.645,4.958639998977875,670.6,63.3,5.0,5.1,1557.0,270130.0,820.0
1996-09-01,66.9,5610.0,6472.633881057324,8131.408,6.4,135.1,1392.0,6747.4,126.8553,8.23,65.4,140000.0,83.702,4.958639998977875,674.4,63.4,5.2,5.2,1475.0,270433.0,824.0
1996-10-01,67.0,5643.0,6548.580852134164,8259.771,6.1,135.2,1358.0,6768.8,128.816,7.915,65.4,144100.0,83.6289999999999,4.958639998977875,676.0,63.5,5.6,5.2,1392.0,270730.0,821.0
1996-11-01,67.0,5668.0,6671.629607228753,8259.771,6.2,135.2,1412.0,6802.4,126.1401,7.618,65.4,144100.0,83.557,4.958639998977875,679.7,63.4,5.2,5.4,1489.0,271002.0,829.0
1996-12-01,67.0,5675.0,7108.757431879507,8259.771,6.1,134.8,1411.0,6836.6,124.1316,7.5975,65.4,144100.0,83.491,4.958639998977875,681.2,63.4,5.0,5.4,1370.0,271243.0,814.0
1997-01-01,67.0,5675.0,6460.965175928958,8362.655,5.9,135.2,1382.0,6884.8,125.2006,7.824,65.5,145000.0,83.531,4.958639998977875,684.6,63.4,4.7,5.3,1355.0,271472.0,817.0
1997-02-01,66.9,5722.0,7455.112691004757,8362.655,6.0,135.5,1445.0,6920.9,132.4098,7.65,65.5,145000.0,83.597,4.958639998977875,687.8,63.4,4.5,5.2,1486.0,271703.0,810.0
1997-03-01,67.1,5751.0,6859.989740546367,8362.655,6.1,135.2,1436.0,6960.8,137.0678,7.8975,65.5,145000.0,83.912,4.958639998977875,695.3,63.6,4.1,5.2,1457.0,271952.0,808.0
1997-04-01,67.1,5764.0,6818.698223635779,8518.825,6.2,137.9,1421.0,6972.8,136.4713,8.1425,65.7,145800.0,84.321,4.958639998977875,692.3,63.7,4.7,5.1,1492.0,272213.0,810.0
1997-05-01,67.1,5793.0,6595.403577302359,8518.825,6.5,138.2,1414.0,7001.3,134.0933,7.944,65.7,145800.0,84.8639999999999,4.958639998977875,690.8,63.8,4.6,4.9,1442.0,272482.0,816.0
1997-06-01,67.1,5793.0,6101.307358712255,8518.825,6.3,138.9,1402.0,7035.8,135.5394,7.69,65.7,145800.0,85.398,4.958639998977875,690.5,63.7,4.4,5.0,1494.0,272767.0,826.0
1997-07-01,67.2,5817.0,6089.773164273482,8662.823,5.8,139.1,1440.0,7071.7,138.2605,7.4975,65.8,145000.0,85.841,4.958639998977875,693.6,63.9,4.4,4.9,1437.0,273074.0,836.0
1997-08-01,67.2,5846.0,6199.520225099658,8662.823,5.7,139.5,1449.0,7119.4,138.4137,7.48,65.8,145000.0,86.151,4.959341999708705,695.1,63.9,4.3,4.8,1390.0,273395.0,836.0
1997-09-01,67.1,5874.0,6842.287390443028,8662.823,5.9,139.2,1494.0,7158.1,143.5012,7.43,65.8,145000.0,86.311,4.959341999708705,695.7,63.9,4.2,4.9,1546.0,273703.0,846.0
1997-10-01,67.1,5883.0,6571.984037303532,8765.907,5.9,139.5,1499.0,7205.1,143.0334,7.294,65.8,144200.0,86.4079999999999,4.959341999708705,696.7,63.9,4.3,4.7,1520.0,273989.0,858.0
1997-11-01,67.2,5899.0,6712.745369882713,8765.907,6.1,139.2,1469.0,7257.0,140.3559,7.205,65.8,144200.0,86.632,4.959341999708705,700.0,64.1,3.9,4.6,1510.0,274249.0,865.0
1997-12-01,67.2,5938.0,6759.795348179565,8765.907,6.1,139.3,1456.0,7300.0,140.801,7.095,65.8,144200.0,86.848,4.959341999708705,703.4,64.0,4.4,4.7,1566.0,274499.0,872.0
1998-01-01,67.1,5983.0,6107.076060328037,8866.48,7.0,139.3,1555.0,7368.9,143.4028,6.994,66.0,152200.0,87.163,4.959341999708705,704.1,64.0,4.0,4.6,1525.0,274732.0,886.0
1998-02-01,67.1,5997.0,6836.388601267141,8866.48,7.0,139.6,1647.0,7416.5,139.0929,7.0425,66.0,152200.0,87.3729999999999,4.9621450849358215,704.2,64.0,3.9,4.6,1584.0,274943.0,896.0
1998-03-01,67.1,5969.0,7049.3697092953635,8866.48,7.1,139.8,1605.0,7464.0,137.3363,7.1275,66.0,152200.0,87.877,4.9621450849358215,708.3,64.0,4.1,4.7,1567.0,275175.0,905.0
1998-04-01,67.0,6049.0,7174.196469235828,8969.699,6.9,144.0,1547.0,7501.7,138.0548,7.14,66.1,149500.0,88.5579999999999,4.9621450849358215,712.9,64.1,4.0,4.3,1540.0,275434.0,906.0
1998-05-01,67.0,6087.0,6978.233785666125,8969.699,6.6,144.3,1554.0,7547.0,139.0633,7.144,66.1,149500.0,89.374,4.962844630259907,718.5,64.1,3.9,4.4,1536.0,275700.0,912.0
1998-06-01,67.0,6130.0,6990.079940666719,8969.699,6.5,145.5,1551.0,7584.4,138.7419,6.9975,66.1,149500.0,90.195,4.962844630259907,725.9,64.0,3.8,4.5,1641.0,275976.0,927.0
1998-07-01,67.0,6172.0,7497.131402387817,9121.097,6.6,146.1,1610.0,7616.9,141.7337,6.952,66.6,153000.0,90.859,4.962844630259907,731.3,64.0,4.0,4.5,1698.0,276266.0,938.0
1998-08-01,67.0,6215.0,7311.401724830557,9121.097,6.5,146.4,1654.0,7656.2,139.1771,6.9225,66.6,153000.0,91.407,4.962844630259907,739.2,63.9,4.1,4.5,1614.0,276566.0,941.0
1998-09-01,67.2,6225.0,6901.330055657997,9121.097,6.1,146.5,1577.0,7678.1,141.3677,6.7225,66.6,153000.0,91.751,4.962844630259907,739.4,64.2,4.1,4.6,1582.0,276859.0,952.0
1998-10-01,67.2,6262.0,6901.330055657997,9293.991,5.9,146.4,1719.0,7708.8,138.9738,6.71,66.5,153000.0,91.999,4.962844630259907,745.3,64.1,4.0,4.5,1715.0,277140.0,972.0
1998-11-01,67.1,6301.0,7810.707402378735,9293.991,6.0,146.5,1672.0,7745.7,143.228,6.865,66.5,153000.0,92.197,4.962844630259907,748.7,64.2,3.5,4.4,1660.0,277402.0,976.0
1998-12-01,67.2,6378.0,6789.2342587269,9293.991,5.5,146.5,1742.0,7771.8,149.91,6.738,66.5,153000.0,92.443,4.962844630259907,754.7,64.3,3.8,4.4,1792.0,277658.0,1003.0
1999-01-01,67.2,6357.0,7780.446740616865,9411.682,6.1,147.4,1732.0,7813.1,143.0987,6.785,66.7,157400.0,92.714,4.973279507552487,764.5,64.4,3.9,4.3,1748.0,277891.0,973.0
1999-02-01,67.2,6429.0,6942.718991131332,9411.682,6.0,147.5,1720.0,7840.9,146.9786,6.8075,66.7,157400.0,92.981,4.980176086611547,773.9,64.2,4.0,4.4,1670.0,278095.0,989.0
1999-03-01,67.0,6402.0,8230.63101905822,9411.682,5.6,148.0,1665.0,7855.9,140.1138,7.04,66.7,157400.0,93.611,4.980176086611547,778.0,64.2,4.1,4.2,1710.0,278324.0,994.0
1999-04-01,67.1,6480.0,7665.667028149331,9526.21,4.7,149.1,1600.0,7871.1,135.8202,6.916,66.7,158700.0,94.436,4.969118613893322,783.6,64.2,3.9,4.3,1553.0,278584.0,991.0
1999-05-01,67.1,6516.0,7925.90729860334,9526.21,4.4,149.9,1640.0,7894.2,133.8325,7.145,66.7,158700.0,95.36,4.9684234452869465,792.2,64.3,4.0,4.2,1611.0,278859.0,989.0
1999-06-01,67.1,6547.0,8077.9873627316065,9526.21,4.3,149.9,1702.0,7925.1,133.9478,7.55,66.7,158700.0,96.363,4.970507503005476,798.5,64.2,3.9,4.3,1559.0,279148.0,981.0
1999-07-01,67.1,6571.0,7768.348930543018,9686.626,4.4,149.7,1682.0,7965.8,131.7943,7.632,66.8,159100.0,97.192,4.970507503005476,803.7,64.2,4.0,4.3,1669.0,279448.0,983.0
1999-08-01,67.0,6586.0,7563.254157784413,9686.626,4.3,149.8,1671.0,8016.9,133.2683,7.9425,66.8,159100.0,97.897,4.970507503005476,806.1,64.2,4.0,4.2,1648.0,279752.0,989.0
1999-09-01,67.0,6613.0,8047.526055535459,9686.626,3.7,149.8,1551.0,8041.2,131.4058,7.8225,66.8,159100.0,98.399,4.970507503005476,810.0,64.2,4.5,4.2,1635.0,280053.0,983.0
1999-10-01,67.0,6640.0,7744.164394672516,9900.169,4.0,149.5,1649.0,8102.4,136.7582,7.852,66.9,165300.0,98.832,4.971201224850849,811.5,64.3,4.2,4.1,1608.0,280337.0,983.0
1999-11-01,67.1,6687.0,7762.301410384908,9900.169,4.1,149.4,1672.0,8165.3,148.7383,7.7375,66.9,165300.0,99.149,4.971201224850849,819.6,64.4,4.3,4.1,1648.0,280594.0,983.0
1999-12-01,67.1,6709.0,8145.081517858516,9900.169,3.7,149.0,1683.0,8251.2,148.3553,7.912,66.9,165300.0,99.5429999999999,4.971201224850849,822.8,64.4,4.3,4.0,1708.0,280846.0,983.0
2000-01-01,67.3,6752.0,7629.49047646385,10002.179,4.5,149.1,1727.0,8348.0,144.613,8.21,67.1,165300.0,100.0,4.971201224850849,832.5,64.6,4.3,4.0,1636.0,281083.0,991.0
2000-02-01,67.3,6730.0,8255.105877097765,10002.179,4.0,148.3,1692.0,8408.8,143.9732,8.325,67.1,165300.0,100.571,4.974662633637438,834.3,64.6,4.3,4.1,1737.0,281299.0,998.0
2000-03-01,67.3,6811.0,8420.68232222561,10002.179,3.8,148.1,1651.0,8468.3,151.6946,8.24,67.1,165300.0,101.466,4.974662633637438,843.2,64.6,4.3,4.0,1604.0,281531.0,988.0
2000-04-01,67.3,6794.0,7847.050563371328,10247.72,4.3,148.6,1597.0,8506.8,142.1024,8.1525,67.3,163200.0,102.541,4.974662633637438,834.0,64.7,4.4,3.8,1626.0,281763.0,989.0
2000-05-01,67.1,6770.0,8285.719469805555,10247.72,4.3,149.1,1543.0,8544.5,143.7562,8.515,67.3,163200.0,103.702,5.011967739330034,827.9,64.4,4.4,4.0,1575.0,281996.0,985.0
2000-06-01,67.1,6778.0,7365.229019483825,10247.72,4.3,149.3,1572.0,8597.8,140.99,8.288,67.3,163200.0,104.855,4.9788005705762375,826.7,64.5,4.8,4.0,1559.0,282247.0,982.0
2000-07-01,66.9,6794.0,7156.337801875805,10318.165,4.7,149.3,1542.0,8665.3,140.54,8.1475,67.5,168800.0,105.722,4.9788005705762375,828.9,64.2,4.1,4.0,1463.0,282504.0,979.0
2000-08-01,66.9,6796.0,7623.464316084357,10318.165,4.8,148.8,1552.0,8712.2,144.0,8.0275,67.5,168800.0,106.522,4.9788005705762375,822.2,64.2,4.4,4.1,1541.0,282769.0,976.0
2000-09-01,66.9,6807.0,7353.260709808586,10318.165,4.1,148.6,1570.0,8757.7,142.1897,7.912,67.5,168800.0,107.135,4.9788005705762375,818.2,64.2,4.0,3.9,1507.0,283033.0,970.0
2000-10-01,66.8,6814.0,7263.620377497054,10435.744,4.3,148.4,1577.0,8792.1,143.4779,7.795,67.5,172900.0,107.728,4.9788005705762375,813.2,64.2,4.0,3.9,1549.0,283285.0,972.0
2000-11-01,66.9,6817.0,7419.133571305841,10435.744,4.3,148.6,1614.0,8809.9,137.4387,7.745,67.5,172900.0,108.291,4.9788005705762375,805.8,64.3,4.2,3.9,1551.0,283523.0,970.0
2000-12-01,67.0,6792.0,7311.401724830557,10435.744,4.1,147.5,1543.0,8844.0,130.5541,7.382,67.5,172900.0,108.791,4.978112102390695,797.2,64.4,3.6,3.9,1532.0,283748.0,969.0
2001-01-01,67.2,6824.0,6924.974933759392,10470.231,4.5,148.3,1699.0,8940.9,139.6751,7.0325,67.6,169800.0,109.214,4.978112102390695,782.8,64.4,3.8,4.2,1600.0,283960.0,986.0
2001-02-01,67.1,6841.0,7401.156824393561,10470.231,4.6,148.0,1656.0,8975.8,143.9848,7.05,67.6,169800.0,109.642,4.978112102390695,781.8,64.3,3.7,4.2,1625.0,284166.0,987.0
2001-03-01,67.2,6862.0,7007.856556215221,10470.231,4.9,147.4,1659.0,9009.4,147.6021,6.952,67.6,169800.0,110.393999999999,4.978112102390695,775.5,64.3,3.8,4.3,1590.0,284380.0,1001.0
2001-04-01,66.9,6844.0,7629.49047646385,10599.0,4.8,148.9,1666.0,9008.9,152.7133,7.0775,67.8,179000.0,111.247999999999,5.003946305945459,772.8,64.0,3.9,4.4,1649.0,284602.0,1007.0
2001-05-01,66.7,6849.0,7168.242610321301,10599.0,4.3,148.8,1665.0,9011.1,149.6911,7.145,67.8,179000.0,112.202999999999,5.012633296758929,775.0,63.8,4.0,4.3,1605.0,284834.0,1015.0
2001-06-01,66.7,6840.0,8114.570683768265,10599.0,4.2,148.6,1626.0,9017.1,147.0751,7.16,67.8,179000.0,113.272,5.012633296758929,779.6,63.7,4.2,4.5,1636.0,285076.0,1013.0
2001-07-01,66.8,6845.0,7677.73333062675,10598.02,5.4,149.1,1598.0,9014.6,147.7865,7.1275,67.9,172500.0,114.226,5.012633296758929,781.6,63.7,4.2,4.6,1670.0,285324.0,1017.0
2001-08-01,66.5,6827.0,7877.361773221525,10598.02,6.5,149.1,1615.0,9001.4,145.3626,6.95,67.9,172500.0,114.987,5.012633296758929,781.8,63.2,4.4,4.9,1567.0,285584.0,1011.0
2001-09-01,66.8,6813.0,7491.125894983443,10598.02,6.9,149.1,1565.0,8975.3,143.2876,6.8175,67.9,172500.0,115.465,5.012633296758929,782.9,63.5,4.4,5.0,1562.0,285842.0,1014.0
2001-10-01,66.7,6804.0,7780.446740616865,10660.465,2.9,149.4,1566.0,8987.3,146.5655,6.6175,67.9,171100.0,115.681,5.012633296758929,785.9,63.2,4.3,5.3,1540.0,286086.0,1008.0
2001-11-01,66.7,6784.0,7515.153584100531,10660.465,3.4,149.1,1651.0,8985.1,151.3362,6.658,67.9,171100.0,115.839,5.012633296758929,787.2,63.0,4.1,5.5,1602.0,286315.0,1011.0
2001-12-01,66.7,6785.0,8353.14744064246,10660.465,3.7,149.0,1680.0,8990.7,149.4688,7.065,67.9,171100.0,116.056,5.012633296758929,789.2,62.9,3.8,5.7,1568.0,286533.0,996.0
2002-01-01,66.5,6775.0,7980.5907873030255,10783.5,5.6,148.8,1665.0,9015.6,154.1368,6.9975,67.9,188700.0,116.437,5.012633296758929,785.8,62.7,4.2,5.7,1698.0,286739.0,996.0
2002-02-01,66.8,6766.0,8218.398937579837,10783.5,5.4,148.4,1787.0,9031.9,153.3106,6.8925,67.9,188700.0,116.917,5.012633296758929,794.9,63.0,4.0,5.7,1829.0,286935.0,1005.0
2002-03-01,66.6,6755.0,7539.19634811154,10783.5,5.5,147.9,1691.0,9050.7,144.7966,7.014,67.9,188700.0,117.929,5.007965065540377,798.8,62.8,4.1,5.7,1642.0,287131.0,1013.0
2002-04-01,66.7,6710.0,7938.0528104566665,10887.46,5.4,151.8,1669.0,9099.9,142.7707,6.985,67.8,187200.0,119.209,5.017941869278694,796.8,62.7,4.3,5.9,1592.0,287343.0,1011.0
2002-05-01,66.7,6684.0,8426.827140191392,10887.46,6.1,152.2,1716.0,9131.0,141.9094,6.806,67.8,187200.0,120.788,5.017941869278694,799.3,62.9,4.0,5.8,1764.0,287571.0,1019.0
2002-06-01,66.6,6701.0,7719.9946612018375,10887.46,6.1,151.9,1758.0,9164.8,144.8674,6.65,67.8,187200.0,122.333,5.020585624949424,798.7,62.7,4.2,5.8,1717.0,287808.0,1023.0
2002-07-01,66.5,6688.0,7877.361773221525,10984.04,5.3,151.9,1738.0,9157.5,143.1601,6.485,67.9,178100.0,123.687,5.020585624949424,800.8,62.7,4.2,5.8,1655.0,288051.0,1029.0
2002-08-01,66.6,6701.0,8531.423193719134,10984.04,5.2,152.7,1695.0,9175.3,142.5233,6.29,67.9,178100.0,124.729,5.020585624949424,807.1,62.7,4.0,5.7,1633.0,288303.0,1013.0
2002-09-01,66.7,6702.0,8035.347856332791,10984.04,5.8,152.6,1803.0,9197.1,144.0017,6.0925,67.9,178100.0,125.494,5.020585624949424,809.4,63.0,3.9,5.7,1804.0,288554.0,1024.0
2002-10-01,66.6,6689.0,7792.548240792457,11061.433,5.6,152.6,1799.0,9229.6,140.5239,6.1125,68.2,190100.0,126.137,5.020585624949424,810.5,62.7,4.0,5.7,1648.0,288794.0,1026.0
2002-11-01,66.4,6713.0,8506.78960808938,11061.433,5.6,152.0,1771.0,9258.8,141.7779,6.068,68.2,190100.0,126.642999999999,5.020585624949424,826.7,62.5,4.0,5.9,1753.0,289012.0,1031.0
2002-12-01,66.3,6700.0,8218.398937579837,11061.433,5.3,151.0,1896.0,9288.3,136.1994,6.0475,68.2,190100.0,127.151,5.020585624949424,816.8,62.4,4.0,6.0,1788.0,289214.0,1033.0
2003-01-01,66.4,6704.0,8114.570683768265,11174.129,5.3,151.0,1808.0,9290.1,145.7576,5.916,68.1,186000.0,127.652,5.020585624949424,817.8,62.5,4.0,5.8,1853.0,289412.0,1049.0
2003-02-01,66.4,6667.0,8322.485078003821,11174.129,5.2,151.1,1854.0,9296.2,130.6707,5.8425,68.1,186000.0,128.326,5.0330488889331555,817.7,62.5,4.5,5.9,1629.0,289606.0,1044.0
2003-03-01,66.3,6654.0,8017.08734329192,11174.129,4.9,151.1,1757.0,9333.8,139.9231,5.745,68.1,186000.0,129.308,5.04148775757902,821.1,62.4,4.1,5.9,1726.0,289809.0,1044.0
2003-04-01,66.4,6689.0,8163.398788031749,11312.766,5.0,150.7,1803.0,9356.4,143.4302,5.8125,68.2,191800.0,130.488,5.046002437933547,828.9,62.4,4.1,6.0,1643.0,290024.0,1043.0
2003-05-01,66.4,6706.0,8599.23744466202,11312.766,5.3,151.1,1835.0,9414.4,143.716,5.484,68.2,191800.0,131.839,5.046002437933547,829.0,62.3,3.9,6.1,1751.0,290250.0,1047.0
2003-06-01,66.5,6723.0,8035.347856332791,11312.766,5.1,151.2,1875.0,9455.3,146.5043,5.23,68.2,191800.0,133.225,5.046002437933547,836.9,62.3,3.5,6.3,1867.0,290484.0,1064.0
2003-07-01,66.2,6735.0,8273.471366171716,11566.669,5.9,151.0,1885.0,9491.6,151.803,5.6325,68.3,191900.0,134.647,5.046002437933547,836.7,62.1,3.6,6.2,1897.0,290726.0,1078.0
2003-08-01,66.1,6760.0,7605.39144087981,11566.669,5.7,150.6,1966.0,9538.8,152.498,6.264,68.3,191900.0,135.966,5.046002437933547,840.2,62.1,3.5,6.1,1833.0,290974.0,1102.0
2003-09-01,66.1,6783.0,8512.946694721033,11566.669,4.9,150.2,1961.0,9582.5,154.9852,6.1475,68.3,191900.0,137.076,5.046002437933547,850.2,62.0,3.8,6.1,1939.0,291222.0,1121.0
2003-10-01,66.1,6784.0,8568.399733223683,11772.234,5.0,149.6,2012.0,9620.4,162.1132,5.952,68.5,198800.0,137.975,5.046002437933547,854.6,62.1,3.8,6.0,1967.0,291463.0,1135.0
2003-11-01,66.1,6796.0,8347.013199423793,11772.234,5.0,149.5,1918.0,9688.2,156.7902,5.9325,68.5,198800.0,138.765,5.046002437933547,858.5,62.3,4.1,5.8,2083.0,291677.0,1158.0
2003-12-01,65.9,6827.0,8494.478056681743,11772.234,5.0,149.4,1987.0,9713.2,160.271,5.876,68.5,198800.0,139.627,5.046002437933547,863.3,62.2,4.0,5.7,2057.0,291868.0,1183.0
2004-01-01,66.1,6848.0,8451.415196695336,11923.447,4.6,149.4,1952.0,9731.8,152.7907,5.7125,68.7,212700.0,140.705,5.046002437933547,866.4,62.3,3.8,5.7,1911.0,292046.0,1191.0
2004-02-01,66.0,6838.0,8506.78960808938,11923.447,4.6,149.5,1966.0,9765.4,149.9506,5.635,68.7,212700.0,142.029,5.046002437933547,867.3,62.3,3.7,5.6,1846.0,292230.0,1197.0
2004-03-01,66.0,6887.0,8977.191010164737,11923.447,4.5,150.2,2066.0,9815.8,169.2419,5.445,68.7,212700.0,144.08,5.046002437933547,875.7,62.2,3.6,5.8,1998.0,292434.0,1219.0
2004-04-01,65.9,6901.0,9881.752887984114,12112.815,4.9,152.1,2070.0,9865.8,170.912,5.83,69.4,217600.0,146.18,5.053694783556702,876.2,62.3,4.0,5.6,2003.0,292651.0,1222.0
2004-05-01,66.0,6948.0,9597.255001394518,12112.815,4.8,153.6,2150.0,9950.0,166.8739,6.27,69.4,217600.0,148.335,5.053694783556702,890.8,62.3,3.8,5.6,1981.0,292872.0,1233.0
2004-06-01,66.1,6962.0,9370.839330968913,12112.815,5.4,153.9,2020.0,9988.4,161.1205,6.2875,69.4,217600.0,150.518,5.053694783556702,891.3,62.4,3.9,5.6,1828.0,293103.0,1229.0
2004-07-01,66.1,6977.0,9521.665419822668,12305.307,4.7,154.4,2112.0,10033.0,165.4313,6.056,68.9,213500.0,152.337,5.053694783556702,898.6,62.5,4.5,5.5,2002.0,293350.0,1247.0
2004-08-01,66.0,7003.0,9710.858458719566,12305.307,4.7,157.7,2056.0,10078.2,165.3898,5.8675,68.9,213500.0,153.814,5.053694783556702,903.4,62.4,4.3,5.4,2024.0,293603.0,1238.0
2004-09-01,65.8,7029.0,8989.636657850646,12305.307,4.1,160.4,2041.0,10110.5,164.6773,5.754,68.9,213500.0,155.108,5.053694783556702,910.4,62.3,4.1,5.4,1905.0,293857.0,1247.0
2004-10-01,65.9,7077.0,9258.030963109937,12527.214,3.9,160.4,2097.0,10159.3,159.7799,5.7225,69.1,228800.0,156.298,5.053694783556702,918.3,62.3,3.9,5.5,2072.0,294104.0,1264.0
2004-11-01,66.0,7091.0,8753.750600440124,12527.214,3.4,161.4,2079.0,10171.5,155.9717,5.73,69.1,228800.0,157.496,5.053694783556702,923.5,62.5,4.3,5.4,1782.0,294337.0,1268.0
2004-12-01,65.9,7117.0,9774.084489820343,12527.214,6.2,161.5,2082.0,10520.8,165.2899,5.752,69.1,228800.0,158.67,5.053694783556702,927.4,62.4,4.1,5.4,2042.0,294561.0,1280.0
2005-01-01,65.8,7095.0,9590.951395476632,12767.286,2.7,166.8,2139.0,10247.0,162.337,5.71,69.2,232500.0,160.13,5.056245805348308,932.1,62.4,4.4,5.3,2144.0,294768.0,1302.0
2005-02-01,65.9,7153.0,9691.906357408037,12767.286,2.3,168.8,2114.0,10282.7,166.6182,5.6275,69.2,232500.0,161.924,5.0912931971137105,938.0,62.4,4.3,5.4,2207.0,294955.0,1322.0
2005-03-01,65.9,7181.0,8933.657901731236,12767.286,2.5,169.0,2062.0,10347.9,164.584,5.928,69.2,232500.0,164.576,5.076423034634259,942.5,62.4,4.1,5.2,1864.0,295149.0,1311.0
2005-04-01,66.1,7266.0,9812.058677963778,12922.656,2.1,171.8,2150.0,10412.1,160.4395,5.855,68.7,233700.0,166.999,5.101085197018328,947.9,62.7,4.3,5.2,2061.0,295359.0,1324.0
2005-05-01,66.1,7294.0,10938.526254399678,12922.656,2.6,172.2,2085.0,10464.1,164.6264,5.72,68.7,233700.0,169.544,5.101085197018328,953.0,62.8,4.2,5.1,2025.0,295582.0,1322.0
2005-06-01,66.1,7333.0,10053.228910530304,12922.656,2.0,172.5,2178.0,10498.0,164.5805,5.582,68.7,233700.0,172.015,5.101085197018328,958.8,62.7,4.3,5.0,2068.0,295824.0,1329.0
2005-07-01,66.1,7353.0,9553.146831575781,13142.642,1.4,179.0,2203.0,10558.3,157.5149,5.695,68.7,236400.0,174.097999999999,5.101085197018328,964.7,62.8,4.2,5.0,2054.0,296077.0,1338.0
2005-08-01,66.2,7394.0,9970.594167366415,13142.642,2.0,179.2,2219.0,10619.6,158.9917,5.82,68.7,236400.0,175.923,5.101085197018328,964.8,62.9,4.5,4.9,2095.0,296338.0,1356.0
2005-09-01,66.1,7415.0,9780.411515248119,13142.642,2.0,180.2,2263.0,10687.7,160.2513,5.774,68.7,236400.0,177.611,5.101085197018328,967.6,62.8,4.7,5.0,2151.0,296606.0,1377.0
2005-10-01,66.1,7460.0,10034.147487827737,13324.204,2.3,180.3,2170.0,10767.3,161.7801,6.065,68.9,243600.0,178.752,5.101085197018328,972.8,62.8,4.5,5.0,2065.0,296857.0,1376.0
2005-11-01,66.0,7524.0,9685.590604356556,13324.204,2.6,180.6,2218.0,10815.4,166.926,6.33,68.9,243600.0,179.673,5.101085197018328,985.7,62.7,5.0,5.0,2147.0,297089.0,1395.0
2005-12-01,66.0,7533.0,9900.777170631436,13324.204,2.5,181.3,2120.0,10853.1,170.1105,6.272,68.9,243600.0,180.107,5.101694025043223,995.7,62.8,4.9,4.9,1994.0,297311.0,1405.0
2006-01-01,66.0,7601.0,10506.878753782692,13599.16,3.0,191.0,2212.0,11038.6,192.0322,6.145,68.6,247700.0,180.828,5.126342101808226,1008.1,62.9,5.3,4.7,2273.0,297526.0,1424.0
2006-02-01,66.1,7664.0,10583.937562547679,13599.16,3.2,191.5,2141.0,11102.6,186.9827,6.2525,68.6,247700.0,181.5,5.135210028677887,1012.7,63.0,6.1,4.8,2119.0,297734.0,1423.0
2006-03-01,66.2,7689.0,11864.394785687738,13599.16,3.3,195.3,2118.0,11171.8,174.864,6.324,68.6,247700.0,182.749,5.135210028677887,1017.8,63.1,5.9,4.7,1969.0,297950.0,1423.0
2006-04-01,66.1,7726.0,10731.941185274023,13753.424,3.1,196.7,1998.0,11229.5,165.8735,6.5075,68.8,246300.0,183.648,5.138148614395216,1022.0,63.0,6.3,4.7,1821.0,298170.0,1401.0
2006-05-01,66.1,7713.0,9622.477542505952,13753.424,2.9,197.6,1905.0,11251.1,160.6514,6.5975,68.8,246300.0,184.38,5.138148614395216,1016.6,63.1,6.2,4.6,1942.0,298401.0,1409.0
2006-06-01,66.2,7699.0,10596.791423110899,13753.424,2.9,197.8,1867.0,11292.8,161.3281,6.682,68.8,246300.0,184.547,5.138148614395216,1007.8,63.1,6.3,4.6,1802.0,298653.0,1383.0
2006-07-01,66.1,7712.0,9856.398348147906,13870.188,2.3,199.4,1763.0,11322.1,152.8727,6.7625,68.9,235600.0,184.608,5.138148614395216,1007.3,63.0,7.3,4.7,1737.0,298910.0,1363.0
2006-08-01,66.2,7720.0,9496.494976091764,13870.188,2.5,200.0,1722.0,11346.8,153.7995,6.524,68.9,235600.0,184.405,5.138148614395216,1009.2,63.1,6.7,4.7,1650.0,299178.0,1339.0
2006-09-01,66.1,7718.0,10346.695617081545,13870.188,2.4,201.0,1655.0,11383.9,149.9671,6.4025,68.9,235600.0,184.197999999999,5.138148614395216,1011.6,63.1,6.7,4.5,1720.0,299452.0,1317.0
2006-10-01,66.2,7682.0,9755.1082334488,14039.56,2.4,201.0,1570.0,11417.8,151.0867,6.3575,68.8,245400.0,184.054,5.138148614395216,1005.8,63.3,7.3,4.4,1491.0,299710.0,1283.0
2006-11-01,66.3,7666.0,9597.255001394518,14039.56,2.7,200.9,1535.0,11479.3,153.3176,6.24,68.8,245400.0,183.630999999999,5.138148614395216,996.0,63.3,6.6,4.5,1570.0,299950.0,1265.0
2006-12-01,66.4,7685.0,9565.745098973972,14039.56,2.6,200.8,1638.0,11587.6,167.7527,6.135,68.8,245400.0,183.229,5.138148614395216,989.5,63.4,6.5,4.4,1649.0,300178.0,1247.0
2007-01-01,66.4,7725.0,9151.736626956585,14215.651,2.4,206.3,1626.0,11647.1,159.9997,6.2175,68.5,257400.0,182.718,5.161351511474879,982.5,63.3,7.2,4.6,1409.0,300398.0,1217.0
2007-02-01,66.3,7626.0,8029.260113467345,14215.651,2.8,204.3,1598.0,11734.2,153.1247,6.285,68.5,257400.0,182.470999999999,5.162497643405501,977.3,63.3,7.9,4.5,1480.0,300608.0,1206.0
2007-03-01,66.2,7706.0,7925.90729860334,14215.651,3.0,205.1,1596.0,11821.4,154.2676,6.156,68.5,257400.0,182.194,5.174453379325651,973.2,63.3,7.9,4.4,1495.0,300823.0,1192.0
2007-04-01,65.9,7686.0,7419.133571305841,14402.082,3.0,210.0,1470.0,11868.1,152.5383,6.18,68.3,242200.0,182.130999999999,5.244389024522481,966.8,63.0,7.4,4.5,1490.0,301045.0,1181.0
2007-05-01,66.0,7673.0,7401.156824393561,14402.082,2.8,209.3,1493.0,11908.7,154.5282,6.262,68.3,242200.0,181.884,5.244389024522481,965.1,63.0,7.8,4.4,1415.0,301278.0,1164.0
2007-06-01,66.0,7687.0,7073.113071880005,14402.082,2.7,208.3,1407.0,11929.2,149.986,6.6575,68.3,242200.0,181.54,5.244389024522481,964.0,63.0,8.2,4.6,1448.0,301528.0,1161.0
2007-07-01,66.0,7660.0,7389.177080535596,14564.117,2.6,208.8,1361.0,11955.7,150.4928,6.695,68.0,241800.0,180.993,5.244389024522481,954.4,62.9,8.3,4.7,1354.0,301790.0,1144.0
2007-08-01,65.8,7610.0,7257.652032482941,14564.117,2.2,208.3,1321.0,11963.1,149.1233,6.572,68.0,241800.0,180.234,5.244389024522481,942.1,62.7,9.2,4.6,1330.0,302064.0,1123.0
2007-09-01,66.0,7577.0,6338.694069078201,14564.117,2.3,210.7,1261.0,12025.5,149.8047,6.3825,68.0,241800.0,179.122,5.244389024522481,936.5,62.9,9.2,4.7,1183.0,302334.0,1108.0
2007-10-01,65.8,7565.0,6624.700947497195,14715.058,2.2,210.2,1192.0,12046.8,147.7916,6.375,67.8,238400.0,177.53,5.244916589820922,921.6,62.7,8.5,4.7,1264.0,302590.0,1096.0
2007-11-01,66.0,7523.0,6536.88540369495,14715.058,1.9,210.1,1224.0,12102.8,151.5488,6.208,67.8,238400.0,175.162,5.244916589820922,895.0,62.9,9.4,4.7,1197.0,302834.0,1080.0
2007-12-01,66.0,7490.0,6176.383669688149,14715.058,2.4,209.1,1149.0,12182.7,145.0394,6.095,67.8,238400.0,173.338,5.244916589820922,896.4,62.7,9.6,5.0,1037.0,303062.0,1059.0
2008-01-01,66.2,7476.0,6193.734496144414,14706.538,2.6,208.5,1094.0,12227.8,148.6468,5.758,67.9,233900.0,171.077,5.247024072160486,886.6,62.9,9.3,5.0,1084.0,303280.0,1041.0
2008-02-01,66.0,7453.0,5865.718490423754,14706.538,3.0,208.9,1014.0,12264.9,145.2225,5.9175,67.9,233900.0,169.190999999999,5.247024072160486,874.5,62.8,9.7,4.9,1103.0,303494.0,1025.0
2008-03-01,66.1,7406.0,5417.011335417588,14706.538,2.9,208.9,967.0,12314.7,141.695,5.97,67.9,233900.0,167.904,5.247024072160486,867.3,62.7,10.5,5.1,1005.0,303707.0,1014.0
2008-04-01,65.9,7327.0,4460.000803205444,14865.701,2.4,210.4,1008.0,12302.6,141.7131,5.9175,68.1,235300.0,167.324,5.247024072160486,854.6,62.7,10.3,5.0,1013.0,303926.0,1009.0
2008-05-01,66.1,7274.0,5119.980555897879,14865.701,6.8,207.7,995.0,12879.3,137.6036,6.036,68.1,235300.0,167.021,5.243333058215277,840.8,62.5,10.5,5.4,973.0,304157.0,991.0
2008-06-01,66.1,7213.0,5119.980555897879,14865.701,4.6,204.1,1180.0,12661.0,134.7346,6.32,68.1,235300.0,166.537,5.243333058215277,824.8,62.4,10.5,5.6,1046.0,304396.0,975.0
2008-07-01,66.1,7160.0,4815.276710351075,14898.999,3.6,207.9,921.0,12514.8,135.0042,6.426,67.7,226500.0,165.713,5.245443876940969,812.7,62.2,10.5,5.8,923.0,304646.0,955.0
2008-08-01,66.1,7114.0,4432.895027852393,14898.999,3.1,207.9,858.0,12426.0,126.4443,6.4775,67.7,226500.0,164.277,5.255931650051599,800.3,62.0,10.5,6.1,844.0,304903.0,936.0
2008-09-01,66.0,7044.0,5220.489939252445,14898.999,3.9,207.5,797.0,12445.0,122.5937,6.0375,67.7,226500.0,161.912,5.258536496536192,782.5,61.9,10.5,6.1,820.0,305158.0,904.0
2008-10-01,66.0,6967.0,4639.704550264873,14608.209,4.9,207.8,736.0,12446.5,118.4615,6.2,67.5,222500.0,159.162999999999,5.288771953704505,766.4,61.7,10.5,6.5,777.0,305403.0,876.0
2008-11-01,65.9,6813.0,4754.7797174559855,14608.209,6.0,207.3,626.0,12387.1,110.4791,6.0875,67.5,222500.0,156.072,5.288771953704505,747.5,61.4,10.5,6.8,652.0,305620.0,842.0
2008-12-01,65.8,6701.0,4454.577056918756,14608.209,5.8,206.9,554.0,12238.5,103.7368,5.286,67.5,222500.0,152.545,5.288771953704505,732.4,61.0,10.5,7.3,560.0,305827.0,806.0
2009-01-01,65.7,6567.0,3172.4794402729617,14430.902,5.9,211.1,545.0,12125.6,95.2495,5.0475,67.4,208400.0,149.363,5.288771953704505,712.1,60.6,10.5,7.8,490.0,306035.0,783.0
2009-02-01,65.8,6446.0,3386.9684682695506,14430.902,5.4,207.2,558.0,12007.4,97.6872,5.13,67.4,208400.0,147.618,5.288771953704505,688.8,60.3,10.5,8.3,582.0,306237.0,756.0
2009-03-01,65.6,6291.0,3490.0608069776295,14430.902,5.8,205.1,513.0,11965.3,86.881,5.0025,67.4,208400.0,146.515,5.288771953704505,667.1,59.9,10.5,8.7,505.0,306438.0,717.0
2009-04-01,65.7,6154.0,3526.285583513767,14381.236,6.5,209.5,521.0,12009.4,81.9703,4.81,67.4,220900.0,146.942999999999,5.288771953704505,655.8,59.8,10.5,9.0,478.0,306645.0,677.0
2009-05-01,65.7,6100.0,3381.829814841478,14381.236,7.8,207.6,556.0,12179.6,78.8737,4.8575,67.4,220900.0,148.168999999999,5.288267030694535,643.9,59.6,9.3,9.4,540.0,306863.0,650.0
2009-06-01,65.7,6010.0,3274.2738575438575,14381.236,6.1,204.9,601.0,12042.9,78.7749,5.42,67.4,220900.0,149.797,5.288267030694535,634.9,59.4,8.5,9.5,585.0,307090.0,627.0
2009-07-01,65.5,5932.0,3274.2738575438575,14448.882,5.4,203.1,595.0,11998.4,79.6953,5.222,67.4,214300.0,150.749,5.288267030694535,629.1,59.3,7.9,9.5,594.0,307322.0,611.0
2009-08-01,65.4,5855.0,3248.766250638884,14448.882,4.4,202.1,616.0,12011.2,77.1998,5.1925,67.4,214300.0,150.668999999999,5.288267030694535,620.8,59.1,7.5,9.6,586.0,307570.0,588.0
2009-09-01,65.1,5787.0,2890.882134632879,14448.882,5.5,201.9,609.0,12061.1,76.367,5.0575,67.4,214300.0,149.628,5.288267030694535,612.8,58.7,7.8,9.6,585.0,307826.0,576.0
2009-10-01,65.0,5716.0,3015.960573519864,14651.249,5.1,200.6,583.0,12069.4,67.7512,4.952,67.2,219000.0,148.585,5.288267030694535,606.4,58.5,7.4,9.6,534.0,308071.0,554.0
2009-11-01,65.0,5696.0,3515.928166451602,14651.249,5.5,199.9,623.0,12129.6,74.3749,4.875,67.2,219000.0,147.939,5.288267030694535,602.3,58.6,7.6,9.6,588.0,308289.0,532.0
2009-12-01,64.6,5654.0,3036.068977703523,14651.249,5.4,198.5,664.0,12188.2,69.8002,4.93,67.2,219000.0,146.664,5.288267030694535,596.2,58.3,8.0,9.6,581.0,308495.0,517.0
2010-01-01,64.8,5580.0,2732.321230869895,14764.61,5.6,198.4,636.0,12267.7,68.4778,5.03,67.2,222900.0,145.003,5.285738584341177,583.1,58.5,8.1,9.6,614.0,308706.0,501.0
2010-02-01,64.9,5500.0,2639.0159943342246,14764.61,5.3,197.9,650.0,12267.6,66.3508,4.99,67.2,222900.0,143.053,5.285738584341177,578.3,58.5,8.3,9.6,604.0,308904.0,493.0
2010-03-01,64.9,5537.0,2468.8300494800537,14764.61,5.3,196.3,687.0,12330.9,74.3844,4.9675,67.2,222900.0,143.597,5.285738584341177,580.3,58.5,7.1,9.6,636.0,309095.0,492.0
2010-04-01,65.2,5553.0,2970.8128169477477,14980.193,6.0,194.6,637.0,12441.8,83.5931,5.098,66.9,219500.0,145.404,5.2832037287379885,579.8,58.7,6.2,9.6,687.0,309289.0,488.0
2010-05-01,64.9,5520.0,2796.5248785112444,14980.193,6.4,193.3,575.0,12543.7,81.0539,4.8875,66.9,219500.0,147.04,5.2832037287379885,578.1,58.6,9.3,9.6,583.0,309485.0,476.0
2010-06-01,64.6,5516.0,3776.6302833899954,14980.193,6.2,192.3,587.0,12550.7,79.9611,4.7375,66.9,219500.0,147.706,5.2832037287379885,577.2,58.5,8.3,9.4,536.0,309691.0,447.0
2010-07-01,64.6,5508.0,2168.2840688934402,15141.607,6.1,191.7,579.0,12588.7,78.0626,4.564,66.7,224100.0,147.566,5.2832037287379885,570.2,58.5,8.9,9.4,546.0,309913.0,443.0
2010-08-01,64.7,5524.0,2262.8632295093284,15141.607,6.2,191.5,580.0,12652.9,80.8866,4.4275,66.7,224100.0,146.431,5.2832037287379885,568.7,58.6,8.8,9.5,599.0,310146.0,444.0
2010-09-01,64.6,5501.0,2454.3469990345625,15141.607,6.1,190.8,563.0,12673.4,80.733,4.346,66.7,224100.0,144.612,5.2832037287379885,568.0,58.5,7.6,9.5,594.0,310385.0,439.0
2010-10-01,64.4,5508.0,2324.7600541184197,15309.474,5.9,190.0,558.0,12723.6,82.9329,4.225,66.5,224300.0,143.132999999999,5.2832037287379885,563.3,58.3,8.2,9.4,543.0,310612.0,436.0
2010-11-01,64.6,5506.0,2074.507057745379,15309.474,5.8,188.5,560.0,12765.5,82.6805,4.3,66.5,224300.0,141.822999999999,5.2832037287379885,560.8,58.2,8.2,9.6,545.0,310820.0,431.0
2010-12-01,64.3,5467.0,2135.369780967632,15309.474,6.2,187.9,632.0,12873.1,80.3226,4.714,66.5,224300.0,140.632,5.2832037287379885,559.7,58.3,7.0,9.3,539.0,311020.0,427.0
2011-01-01,64.2,5427.0,1926.1873698034701,15351.448,6.6,185.8,576.0,13080.7,79.0521,4.755,66.5,226900.0,139.04,5.2832037287379885,556.9,58.3,7.3,9.1,630.0,311204.0,431.0
2011-02-01,64.1,5451.0,2372.5943104076564,15351.448,6.9,185.4,542.0,13155.6,82.803,4.9525,66.5,226900.0,137.735,5.2832037287379885,559.0,58.4,8.1,9.0,517.0,311373.0,424.0
2011-03-01,64.2,5477.0,2258.1155425769157,15351.448,6.3,186.5,583.0,13178.2,80.3605,4.836,66.5,226900.0,137.787999999999,5.2832037287379885,562.4,58.4,7.2,9.0,600.0,311551.0,420.0
2011-04-01,64.2,5485.0,2060.511023658449,15557.539,6.3,189.0,581.0,13212.8,80.2154,4.84,66.0,228100.0,139.16,5.2832037287379885,563.5,58.4,6.7,9.1,554.0,311740.0,417.0
2011-05-01,64.1,5516.0,2060.511023658449,15557.539,6.3,188.0,618.0,13239.1,83.0405,4.6375,66.0,228100.0,140.694,5.297316866214453,560.1,58.3,6.6,9.0,561.0,311935.0,415.0
2011-06-01,64.0,5528.0,2201.2966085034204,15557.539,6.5,186.9,636.0,13295.7,85.5086,4.51,66.0,228100.0,141.946,5.297316866214453,567.5,58.2,6.6,9.1,608.0,312147.0,416.0
2011-07-01,64.0,5547.0,2464.0005100044214,15647.68,6.7,188.6,621.0,13375.8,86.6224,4.545,66.1,223500.0,142.343,5.297316866214453,565.1,58.2,6.7,9.0,623.0,312372.0,417.0
2011-08-01,64.1,5552.0,2367.8023034479893,15647.68,6.7,187.8,647.0,13400.3,88.4423,4.27,66.1,223500.0,141.787,5.297316866214453,564.4,58.3,6.5,9.0,585.0,312605.0,414.0
2011-09-01,64.2,5584.0,2315.2161906292013,15647.68,6.4,189.3,610.0,13401.5,87.5078,4.106,66.1,223500.0,140.168999999999,5.297316866214453,565.6,58.4,6.3,9.0,650.0,312842.0,417.0
2011-10-01,64.1,5588.0,2140.065772138309,15842.259,6.3,180.8,671.0,13406.4,88.3034,4.0675,65.9,221100.0,138.411,5.3003153692107094,571.7,58.4,6.0,8.8,610.0,313060.0,422.0
2011-11-01,64.1,5593.0,2229.670590246631,15842.259,6.4,181.9,706.0,13419.7,87.7571,3.9925,65.9,221100.0,136.667,5.3003153692107094,571.9,58.6,5.7,8.6,711.0,313260.0,433.0
2011-12-01,64.0,5611.0,2348.6533059545936,15842.259,7.2,182.5,697.0,13548.9,92.3676,3.958,65.9,221100.0,135.168,5.299816242671772,575.0,58.6,5.3,8.5,694.0,313454.0,434.0
2012-01-01,63.7,5626.0,2041.8786127649148,16068.805,7.4,185.4,712.0,13631.6,95.8403,3.915,65.6,238400.0,134.168,5.299816242671772,575.2,58.4,5.3,8.3,723.0,313636.0,441.0
2012-02-01,63.8,5629.0,2116.606081638872,16068.805,7.3,185.8,738.0,13731.1,95.3474,3.89,65.6,238400.0,133.997,5.299816242671772,576.8,58.5,4.8,8.3,704.0,313811.0,450.0
2012-03-01,63.8,5625.0,2215.474693638151,16068.805,7.6,185.2,806.0,13798.5,93.6095,3.954,65.6,238400.0,135.865,5.299816242671772,573.0,58.5,4.9,8.2,695.0,313993.0,458.0
2012-04-01,63.7,5618.0,2643.9108995756123,16207.115,7.9,187.2,732.0,13868.1,94.8689,3.91,65.6,238700.0,138.471,5.299816242671772,572.0,58.4,4.9,8.2,753.0,314176.0,463.0
2012-05-01,63.7,5604.0,2425.4311700090357,16207.115,7.9,188.7,796.0,13850.3,92.7701,3.798,65.6,238700.0,141.048,5.307277107919509,574.0,58.5,4.7,8.2,708.0,314368.0,474.0
2012-06-01,63.8,5621.0,2420.6184079888694,16207.115,7.9,188.8,794.0,13837.1,91.4465,3.675,65.6,238700.0,143.168999999999,5.3067814449601665,576.2,58.6,4.8,8.2,757.0,314576.0,486.0
2012-07-01,63.7,5632.0,2668.4120483950946,16319.541,7.0,188.3,849.0,13752.9,90.0581,3.55,65.4,248800.0,144.282,5.3067814449601665,583.4,58.5,4.6,8.2,740.0,314796.0,490.0
2012-08-01,63.5,5648.0,2707.7056982874597,16319.541,6.7,189.0,840.0,13768.5,90.1465,3.602,65.4,248800.0,144.705,5.3067814449601665,584.8,58.4,4.6,8.1,754.0,315031.0,495.0
2012-09-01,63.6,5661.0,2551.213960675692,16319.541,7.2,189.1,930.0,13914.1,89.7802,3.4975,65.4,248800.0,144.358,5.3067814449601665,586.5,58.7,4.5,7.8,847.0,315264.0,511.0
2012-10-01,63.8,5674.0,2935.7905666552547,16420.419,7.8,188.8,887.0,14049.2,91.4772,3.3825,65.3,251700.0,143.968,5.3067814449601665,582.7,58.8,4.9,7.8,915.0,315485.0,520.0
2012-11-01,63.6,5684.0,2629.2315243615544,16420.419,8.7,189.1,917.0,14230.7,95.9137,3.352,65.3,251700.0,143.961,5.3067814449601665,590.9,58.7,4.6,7.7,833.0,315692.0,534.0
2012-12-01,63.7,5724.0,2673.317588774187,16420.419,10.9,188.3,941.0,14581.4,96.1474,3.345,65.3,251700.0,143.869,5.3067814449601665,594.7,58.7,4.5,7.9,976.0,315877.0,551.0
2013-01-01,63.7,5746.0,2856.0475727361513,16648.189,4.9,194.7,940.0,13880.4,98.907,3.414,65.2,258400.0,144.313,5.310245937413311,595.6,58.6,4.0,8.0,888.0,316038.0,559.0
2013-02-01,63.4,5784.0,2930.7940460245873,16648.189,4.7,194.4,980.0,13902.0,100.6487,3.5325,65.2,258400.0,145.162999999999,5.310245937413311,597.9,58.6,4.1,7.7,962.0,316191.0,581.0
2013-03-01,63.3,5802.0,3371.5571011401553,16648.189,4.8,194.6,936.0,13932.2,100.5747,3.565,65.2,258400.0,147.962,5.310245937413311,601.9,58.5,4.2,7.5,1010.0,316357.0,596.0
2013-04-01,63.4,5796.0,2846.110078645622,16728.687,5.1,196.2,1012.0,13974.9,95.5687,3.445,65.1,268100.0,150.969,5.322033893165353,607.6,58.6,4.4,7.6,835.0,316535.0,606.0
2013-05-01,63.4,5829.0,2826.25550095264,16728.687,5.3,197.5,1003.0,14052.5,99.5607,3.536,65.1,268100.0,153.86,5.322033893165353,610.4,58.6,4.6,7.5,930.0,316729.0,620.0
2013-06-01,63.4,5855.0,2965.8046568363543,16728.687,5.4,197.5,942.0,14083.9,101.1157,4.07,65.1,268100.0,156.428,5.322033893165353,610.8,58.6,4.1,7.5,839.0,316934.0,629.0
2013-07-01,63.3,5859.0,3208.035713260233,16953.838,5.2,197.2,997.0,14072.0,101.9294,4.37,65.2,264800.0,158.287999999999,5.322033893165353,610.6,58.7,5.5,7.3,880.0,317156.0,640.0
2013-08-01,63.3,5878.0,3111.707521033811,16953.838,5.2,197.7,964.0,14117.3,103.143,4.456,65.2,264800.0,159.396,5.312220271717028,613.8,58.7,5.5,7.2,917.0,317397.0,654.0
2013-09-01,63.2,5910.0,3167.406325091324,16953.838,5.3,197.6,1004.0,14181.7,105.1505,4.49,65.2,264800.0,159.675,5.312220271717028,615.1,58.7,5.4,7.2,850.0,317635.0,661.0
2013-10-01,62.8,5931.0,3294.708048863507,17192.019,4.7,197.9,1044.0,14152.3,103.4174,4.192,65.1,273600.0,159.558,5.312220271717028,621.2,58.3,4.9,7.2,925.0,317864.0,670.0
2013-11-01,63.0,5963.0,3490.0608069776295,17192.019,4.5,198.0,1029.0,14209.6,100.2048,4.255,65.1,273600.0,159.365,5.312220271717028,625.8,58.6,5.0,6.9,1100.0,318076.0,687.0
2013-12-01,62.9,5932.0,3177.5541466318828,17192.019,4.5,197.4,1005.0,14266.5,99.2019,4.4575,65.1,273600.0,159.282,5.312220271717028,628.6,58.7,5.2,6.7,1002.0,318276.0,707.0
2014-01-01,62.9,5985.0,3484.891834377956,17197.738,5.2,200.8,976.0,14369.2,96.8279,4.432,64.9,275200.0,159.37,5.337538079701318,632.4,58.8,5.1,6.6,888.0,318464.0,713.0
2014-02-01,62.9,6007.0,3682.357205932406,17197.738,5.3,199.2,1039.0,14456.4,96.6639,4.3025,64.9,275200.0,159.872,5.337538079701318,641.6,58.7,5.3,6.7,944.0,318642.0,714.0
2014-03-01,63.1,6038.0,3771.3806587883237,17197.738,5.2,199.3,1067.0,14555.0,98.2095,4.3425,64.9,275200.0,161.189,5.337538079701318,642.4,58.9,5.6,6.7,970.0,318827.0,726.0
2014-04-01,62.8,6084.0,3464.2309867016315,17518.508,5.4,207.0,1090.0,14624.5,99.8622,4.3375,64.8,288000.0,162.969,5.337538079701318,650.5,58.9,5.7,6.2,1043.0,319020.0,743.0
2014-05-01,62.9,6109.0,3760.8857082199625,17518.508,5.6,207.1,1018.0,14689.5,103.247,4.192,64.8,288000.0,164.684,5.337538079701318,650.0,58.9,5.2,6.3,1007.0,319225.0,754.0
2014-06-01,62.8,6133.0,3289.59716479278,17518.508,5.6,207.0,1010.0,14760.1,102.0049,4.1625,64.8,288000.0,166.214,5.337538079701318,657.1,59.0,5.7,6.1,911.0,319438.0,771.0
2014-07-01,62.9,6178.0,3490.0608069776295,17804.228,5.5,207.0,1076.0,14821.1,104.798,4.13,64.3,281000.0,167.138,5.337538079701318,665.1,59.0,6.2,6.2,1085.0,319670.0,790.0
2014-08-01,62.9,6210.0,3850.274764172906,17804.228,5.3,207.8,1047.0,14894.2,103.4822,4.115,64.3,281000.0,167.452,5.337538079701318,669.8,59.0,5.4,6.1,984.0,319919.0,793.0
2014-09-01,62.8,6242.0,4206.500086907343,17804.228,5.5,208.8,1077.0,14951.2,106.4102,4.1625,64.3,281000.0,167.243,5.337538079701318,677.3,59.1,5.4,5.9,1023.0,320166.0,797.0
2014-10-01,62.9,6259.0,3913.619404713451,17912.079,5.4,210.5,1094.0,15022.7,107.4771,4.036,63.9,298900.0,166.910999999999,5.337538079701318,674.1,59.3,5.3,5.7,1074.0,320403.0,806.0
2014-11-01,62.9,6272.0,3614.5635481203403,17912.079,5.6,210.3,1059.0,15094.0,99.994,3.9975,63.9,298900.0,166.659,5.337538079701318,676.7,59.2,5.7,5.8,1001.0,320616.0,814.0
2014-12-01,62.8,6293.0,4099.51949828695,17912.079,6.0,210.0,1072.0,15170.9,107.8144,3.864,63.9,298900.0,166.460999999999,5.338018733399589,672.6,59.3,5.1,5.6,1073.0,320815.0,826.0
2015-01-01,62.9,6320.0,4094.184695410459,18063.529,6.3,217.3,1049.0,15230.8,108.0196,3.67,63.8,289200.0,166.250999999999,5.343290732190768,680.1,59.3,4.8,5.7,1085.0,320997.0,830.0
2015-02-01,62.7,6361.0,3614.5635481203403,18063.529,6.4,217.7,1127.0,15313.3,98.3234,3.71,63.8,289200.0,166.632999999999,5.343290732190768,680.4,59.2,4.5,5.5,886.0,321164.0,830.0
2015-03-01,62.6,6334.0,3192.7877973449245,18063.529,5.9,217.3,1072.0,15314.2,98.0626,3.77,63.8,289200.0,168.09,5.343290732190768,682.1,59.2,5.1,5.4,960.0,321344.0,843.0
2015-04-01,62.8,6392.0,4346.375292224547,18279.784,5.9,225.0,1166.0,15373.5,102.8839,3.672,63.5,289100.0,169.97,5.3442462984364365,684.7,59.3,4.9,5.4,1190.0,321538.0,868.0
2015-05-01,62.9,6427.0,4405.821714900824,18279.784,5.8,224.4,1272.0,15442.7,104.7122,3.84,63.5,289100.0,171.85,5.3442462984364365,690.0,59.4,5.0,5.6,1079.0,321740.0,878.0
2015-06-01,62.7,6441.0,4136.901185015492,18279.784,5.7,223.7,1379.0,15479.0,107.4307,3.9825,63.5,289100.0,173.451,5.3442462984364365,688.5,59.4,5.4,5.3,1205.0,321954.0,896.0
2015-07-01,62.6,6472.0,4276.3255410178635,18401.626,5.6,223.9,1140.0,15518.6,112.8845,4.046,63.6,295800.0,174.495999999999,5.3442462984364365,697.7,59.3,5.2,5.2,1146.0,322186.0,908.0
2015-08-01,62.6,6490.0,4201.13825286035,18401.626,5.6,224.8,1165.0,15550.5,114.3793,3.905,63.6,295800.0,174.938,5.3442462984364365,698.2,59.4,5.0,5.1,1130.0,322427.0,921.0
2015-09-01,62.4,6508.0,4557.848538320986,18401.626,5.8,224.1,1144.0,15570.5,114.5231,3.89,63.6,295800.0,175.045,5.3442462984364365,699.8,59.2,5.9,5.0,1224.0,322670.0,939.0
2015-10-01,62.5,6547.0,4260.19198538424,18435.137,5.8,224.3,1160.0,15608.0,113.241,3.796,63.7,302500.0,175.051,5.3442462984364365,702.6,59.3,5.6,5.0,1058.0,322901.0,943.0
2015-11-01,62.5,6598.0,4340.978937073762,18435.137,5.6,223.8,1244.0,15615.4,112.7522,3.9425,63.7,302500.0,175.143,5.3442462984364365,708.9,59.4,5.5,5.1,1172.0,323113.0,962.0
2015-12-01,62.7,6630.0,4465.425843183923,18435.137,5.8,224.1,1211.0,15668.4,119.8456,3.964,63.7,302500.0,175.117,5.3442462984364365,712.9,59.6,5.1,5.0,1146.0,323318.0,970.0
2016-01-01,62.7,6631.0,4645.171755773443,18525.933,6.1,231.5,1171.0,15695.5,116.7888,3.8725,63.5,299800.0,175.037999999999,5.374352052824034,714.2,59.7,5.6,4.8,1092.0,323509.0,968.0
2016-02-01,62.8,6640.0,4541.511708542132,18525.933,5.6,229.3,1172.0,15695.9,119.0626,3.66,63.5,299800.0,175.283,5.374352052824034,717.0,59.8,5.5,4.9,1225.0,323687.0,982.0
2016-03-01,63.0,6678.0,4357.171943949519,18525.933,5.9,229.6,1118.0,15731.6,118.9009,3.694,63.5,299800.0,176.602999999999,5.375278407684165,720.5,59.8,5.5,5.0,1111.0,323871.0,987.0
2016-04-01,62.9,6702.0,4046.232923076755,18711.702,5.5,233.4,1160.0,15758.9,109.6192,3.605,63.1,306000.0,178.497,5.378513908542313,726.2,59.7,5.0,5.1,1163.0,324061.0,998.0
2016-05-01,62.7,6689.0,4340.978937073762,18711.702,5.3,233.2,1205.0,15777.2,107.7492,3.6,63.1,306000.0,180.345,5.378513908542313,726.8,59.7,5.1,4.8,1148.0,324260.0,1010.0
2016-06-01,62.7,6701.0,4936.717809986612,18711.702,4.9,233.7,1208.0,15821.4,110.7745,3.568,63.1,306000.0,181.917,5.378513908542313,727.4,59.7,5.3,4.9,1203.0,324476.0,1016.0
2016-07-01,62.8,6735.0,4732.818080521758,18892.639,5.1,235.4,1198.0,15891.5,105.8163,3.44,63.4,303800.0,183.02,5.378513908542313,728.1,59.8,4.5,4.8,1239.0,324697.0,1033.0
2016-08-01,62.9,6736.0,4634.238607765778,18892.639,5.1,235.1,1201.0,15931.3,105.2523,3.435,63.4,303800.0,183.658,5.378513908542313,734.3,59.8,5.0,4.9,1171.0,324924.0,1038.0
2016-09-01,62.9,6768.0,4530.626884805079,18892.639,5.1,234.9,1303.0,15999.1,105.2719,3.46,63.4,303800.0,183.947999999999,5.378513908542313,744.9,59.7,5.2,5.0,1068.0,325155.0,1038.0
2016-10-01,62.8,6799.0,4721.844745656391,19089.379,5.3,234.7,1254.0,16059.4,106.2018,3.47,63.5,310900.0,184.022,5.378513908542313,743.8,59.7,5.2,4.9,1313.0,325368.0,1053.0
2016-11-01,62.7,6823.0,5694.500445897046,19089.379,5.4,234.9,1230.0,16107.6,107.0915,3.77,63.5,310900.0,184.234,5.378513908542313,744.0,59.7,5.2,4.7,1140.0,325562.0,1042.0
2016-12-01,62.7,6818.0,4892.488830316804,19089.379,5.0,233.9,1248.0,16182.5,103.4522,4.198,63.5,310900.0,184.405999999999,5.378513908542313,741.9,59.7,5.4,4.7,1252.0,325742.0,1057.0
2017-01-01,62.8,6840.0,4782.259754919658,19280.084,5.3,238.9,1296.0,16293.3,103.6667,4.15,63.6,313100.0,184.657,5.38632824387075,744.3,59.9,5.4,4.7,1190.0,325901.0,1063.0
2017-02-01,62.9,6881.0,5153.441081842369,19280.084,5.6,239.4,1237.0,16363.5,109.3678,4.1675,63.6,313100.0,185.023,5.38632824387075,747.6,60.0,5.3,4.6,1271.0,326050.0,1070.0
2017-03-01,62.9,6902.0,5147.861360626782,19280.084,5.6,239.3,1273.0,16415.1,104.1273,4.196,63.6,313100.0,186.532,5.38541207339897,746.5,60.2,5.0,4.4,1190.0,326207.0,1071.0
2017-04-01,63.0,6916.0,4716.359952202673,19438.643,5.7,245.3,1239.0,16476.0,99.4783,4.045,63.9,318200.0,188.546,5.394536224288579,745.1,60.2,5.4,4.4,1146.0,326371.0,1075.0
2017-05-01,62.8,6931.0,5276.493367388931,19438.643,6.3,245.5,1205.0,16573.2,98.5261,4.01,63.9,318200.0,190.543,5.394536224288579,747.2,60.1,5.1,4.4,1157.0,326548.0,1071.0
2017-06-01,62.8,6962.0,5649.011062674338,19438.643,6.0,245.4,1353.0,16604.0,98.5578,3.904,63.9,318200.0,192.271,5.394536224288579,747.5,60.1,5.3,4.3,1249.0,326743.0,1073.0
2017-07-01,62.9,6968.0,5293.317207534448,19692.595,6.0,245.6,1254.0,16665.9,96.7684,3.9675,63.9,320500.0,193.516,5.394536224288579,753.2,60.2,5.8,4.3,1206.0,326939.0,1075.0
2017-08-01,62.9,7002.0,4925.653250793897,19692.595,6.1,245.6,1336.0,16733.7,96.8806,3.88,63.9,320500.0,194.351,5.428028973069694,752.7,60.1,6.1,4.4,1159.0,327140.0,1083.0
2017-09-01,63.1,7013.0,4958.861517064376,19692.595,5.9,244.7,1277.0,16841.9,96.879,3.805,63.9,320500.0,194.822,5.517452896464707,752.2,60.4,5.3,4.3,1181.0,327342.0,1093.0
2017-10-01,62.7,7031.0,5422.647074660679,20037.088,6.0,243.8,1360.0,16930.8,98.9506,3.895,64.0,337900.0,195.089,5.517452896464707,759.7,60.1,5.5,4.2,1257.0,327528.0,1101.0
2017-11-01,62.7,7068.0,5343.851600764643,20037.088,5.6,243.4,1295.0,16997.5,101.8784,3.922,64.0,337900.0,195.457,5.517452896464707,763.3,60.1,4.8,4.2,1273.0,327699.0,1107.0
2017-12-01,62.7,7091.0,5445.201512701402,20037.088,5.0,243.3,1312.0,17058.2,102.0626,3.95,64.0,337900.0,195.852,5.517452896464707,772.5,60.1,5.6,4.1,1177.0,327848.0,1100.0
2018-01-01,62.7,7093.0,5490.365347812352,20328.553,5.7,246.8,1311.0,17141.7,100.0281,4.0325,64.2,331800.0,196.119,5.446306244261486,776.7,60.1,6.0,4.0,1299.0,327969.0,1105.0
2018-02-01,63.0,7184.0,5945.95867645652,20328.553,5.8,246.6,1331.0,17204.1,101.3911,4.33,64.2,331800.0,196.908,5.446306244261486,785.2,60.4,5.7,4.1,1277.0,328085.0,1109.0
2018-03-01,62.9,7194.0,5338.23202189313,20328.553,5.9,246.5,1381.0,17268.2,100.3022,4.444,64.2,331800.0,198.576,5.486869473092628,787.9,60.4,5.2,4.0,1318.0,328219.0,1121.0
2018-04-01,62.9,7212.0,5580.911574555003,20580.912,6.0,248.1,1365.0,17328.7,102.4601,4.4675,64.5,315600.0,200.619,5.495937960631161,792.9,60.4,5.6,4.0,1276.0,328364.0,1124.0
2018-05-01,62.9,7274.0,5797.111987832477,20580.912,6.0,249.2,1331.0,17404.4,105.2745,4.586,64.5,315600.0,202.457,5.5053315359323625,798.1,60.5,5.5,3.8,1357.0,328521.0,1131.0
2018-06-01,63.0,7292.0,5512.974653085083,20580.912,6.3,251.0,1338.0,17488.4,103.0784,4.57,64.5,315600.0,204.047,5.5053315359323625,802.2,60.5,5.8,4.0,1192.0,328692.0,1126.0
2018-07-01,63.0,7318.0,5164.6040782940945,20798.73,6.5,250.3,1333.0,17587.6,103.6884,4.5275,64.4,330900.0,204.954,5.50573795739701,803.0,60.6,6.0,3.8,1208.0,328863.0,1127.0
2018-08-01,62.6,7347.0,5797.111987832477,20798.73,6.6,249.6,1293.0,17664.0,103.0046,4.55,64.4,330900.0,205.332,5.527840524826286,802.1,60.3,6.5,3.8,1288.0,329040.0,1129.0
2018-09-01,62.8,7375.0,5371.966866762367,20798.73,6.8,249.7,1320.0,17693.5,100.7646,4.6275,64.4,330900.0,205.378,5.527840524826286,803.8,60.4,6.6,3.7,1250.0,329216.0,1135.0
2018-10-01,62.9,7389.0,5008.75573698419,20917.867,6.7,250.3,1280.0,17749.8,100.0901,4.83,64.6,322800.0,205.373,5.527840524826286,803.4,60.5,7.2,3.8,1221.0,329379.0,1141.0
2018-11-01,62.9,7386.0,5058.747612464687,20917.867,6.5,249.9,1334.0,17795.7,95.3075,4.866,64.6,322800.0,205.111,5.527840524826286,808.8,60.6,6.4,3.8,1181.0,329527.0,1144.0
2018-12-01,63.0,7396.0,4628.773929181136,20917.867,8.4,249.9,1320.0,18012.4,96.3338,4.6375,64.6,322800.0,204.703,5.521460917862246,812.7,60.6,7.6,3.9,1095.0,329659.0,1148.0
2019-01-01,63.1,7424.0,5774.278398317048,21104.133,8.2,252.7,1254.0,18053.9,102.6488,4.464,64.2,313000.0,204.209,5.52823790214127,816.2,60.6,7.0,4.0,1232.0,329766.0,1152.0
2019-02-01,63.1,7396.0,6211.094859607375,21104.133,8.5,252.1,1302.0,18151.4,98.9187,4.37,64.2,313000.0,204.439,5.527442989539794,813.7,60.7,6.4,3.8,1128.0,329862.0,1140.0
2019-03-01,63.0,7422.0,6020.658103163826,21104.133,7.9,251.2,1291.0,18229.5,97.4072,4.265,64.2,313000.0,205.785999999999,5.534969267887039,816.9,60.6,5.7,3.8,1195.0,329977.0,1125.0
2019-04-01,62.9,7459.0,6182.166217836418,21384.775,7.7,255.6,1298.0,18262.1,98.5315,4.1425,64.3,322500.0,207.697999999999,5.538514672428074,811.0,60.6,5.8,3.6,1267.0,330103.0,1123.0
2019-05-01,62.9,7486.0,5592.250232382197,21384.775,7.3,258.1,1338.0,18277.0,98.1995,4.072,64.3,322500.0,209.361,5.551019720103791,812.2,60.6,6.7,3.7,1307.0,330240.0,1132.0
2019-06-01,63.0,7511.0,5270.887755797382,21384.775,7.1,257.7,1301.0,18310.5,98.042,3.8025,64.3,322500.0,210.597999999999,5.541655625147766,815.6,60.7,5.2,3.6,1228.0,330393.0,1142.0
2019-07-01,63.1,7525.0,5552.584698361334,21694.282,6.8,255.5,1347.0,18328.6,102.4513,3.765,64.7,318400.0,211.349,5.538907831465967,817.5,60.8,5.9,3.7,1245.0,330553.0,1146.0
2019-08-01,63.1,7530.0,5980.4126072715035,21694.282,7.0,255.4,1528.0,18423.6,103.3392,3.616,64.7,318400.0,211.708,5.533784667551078,824.7,60.8,5.4,3.7,1367.0,330729.0,1149.0
2019-09-01,63.2,7551.0,5164.6040782940945,21694.282,7.2,255.5,1491.0,18474.4,106.1046,3.605,64.7,318400.0,211.886,5.538907831465967,825.8,61.0,5.4,3.5,1300.0,330904.0,1161.0
2019-10-01,63.3,7556.0,5980.4126072715035,21902.39,7.3,255.4,1538.0,18549.5,102.4713,3.688,65.0,327100.0,211.979,5.529825834193874,828.6,61.0,5.3,3.6,1332.0,331066.0,1160.0
2019-11-01,63.3,7545.0,5694.500445897046,21902.39,7.1,255.1,1522.0,18630.7,97.2591,3.695,65.0,327100.0,212.117,5.5329941536759195,830.7,61.0,5.4,3.6,1346.0,331213.0,1165.0
2019-12-01,63.3,7528.0,6072.479903830997,21902.39,6.4,255.0,1461.0,18583.8,100.0059,3.72,65.0,327100.0,212.248,5.536152466605236,828.2,61.0,5.6,3.6,1551.0,331345.0,1177.0
2020-01-01,63.3,7580.0,6026.411777038395,21706.513,7.2,254.2,1500.0,18821.5,107.993,3.624,65.3,329000.0,212.409,5.536940488710632,828.4,61.1,5.7,3.5,1572.0,331443.0,1195.0
2020-02-01,63.3,7608.0,5848.552034328676,21706.513,7.7,253.9,1440.0,18925.6,105.8406,3.465,65.3,329000.0,213.229,5.540086381985411,837.2,61.1,5.6,3.5,1565.0,331525.0,1213.0
2020-03-01,62.6,7539.0,5711.577383851691,21706.513,11.15,253.9,1348.0,18577.4,100.6725,3.45,65.3,329000.0,215.207,5.553734478412542,833.5,59.8,6.5,4.4,1267.0,331634.0,1215.0
2020-04-01,60.1,6527.0,5484.715870214647,19913.143,11.15,257.2,1050.0,20750.9,95.8725,3.306,68.0,322600.0,217.254,5.555282466337757,708.4,55.0875,6.9,9.6,925.0,331684.0,1193.0
2020-05-01,60.8,7009.0,5282.100147044475,19913.143,11.15,256.2,1253.0,19877.2,99.8972,3.2325,68.0,322600.0,218.504,5.577084821610244,773.6,55.0875,5.4,9.6,1054.0,331685.0,1180.0
2020-06-01,61.5,7170.0,5694.500445897046,19913.143,11.15,258.4,1329.0,19920.9,104.5993,3.1625,68.0,322600.0,219.83,5.577084821610244,793.6,55.0875,3.8,9.6,1266.0,331728.0,1183.0
2020-07-01,61.5,7195.0,6095.539726489151,21647.64,11.15,259.7,1526.0,20191.5,105.4513,3.016,67.3,337500.0,221.585,5.5698700570699335,803.1,55.2,3.4,9.6,1529.0,331795.0,1201.0
2020-08-01,61.7,7225.0,5660.376698335409,21647.64,11.15,259.6,1564.0,19594.2,103.4103,2.935,67.3,337500.0,224.064,5.5698700570699335,810.0,56.5,3.3,8.4,1377.0,331870.0,1213.0
2020-09-01,61.4,7256.0,6865.89251636727,21647.64,11.15,259.8,1643.0,19744.9,101.6846,2.89,67.3,337500.0,226.817,5.577084821610244,818.9,56.6,3.4,7.9,1463.0,331950.0,1218.0
2020-10-01,61.7,7310.0,6420.157271422097,22024.502,11.15,259.7,1622.0,19758.5,102.824,2.834,65.7,358700.0,229.83,5.577084821610244,827.2,57.4,3.3,6.9,1537.0,332025.0,1228.0
2020-11-01,61.5,7317.0,5671.746811060946,22024.502,11.15,259.5,1713.0,19610.4,104.775,2.765,65.7,358700.0,232.337,5.577084821610244,828.0,57.4,4.0,6.7,1545.0,332063.0,1248.0
2020-12-01,61.5,7355.0,6513.506817374272,22024.502,11.15,259.6,1760.0,19775.2,105.794,2.684,65.7,358700.0,234.39,5.577084821610244,837.6,57.4,4.1,6.7,1663.0,332047.0,1262.0
2021-01-01,61.3,7363.0,6269.031408585289,22600.185,11.15,260.7,1866.0,21760.9,107.7894,2.735,65.6,369800.0,236.468,5.577841251298354,842.5,57.5,4.0,6.3,1602.0,331992.0,1282.0
2021-02-01,61.4,7291.0,6141.710692945567,22600.185,11.15,261.3,1700.0,20254.0,94.1235,2.81,65.6,369800.0,239.252,5.581238121898107,846.2,57.6,4.9,6.2,1422.0,331968.0,1286.0
2021-03-01,61.5,7395.0,6942.718991131332,22600.185,11.15,261.2,1731.0,24471.8,99.3792,3.0825,65.6,369800.0,244.249,5.580861261143694,858.0,57.8,4.4,6.1,1700.0,332007.0,1308.0
2021-04-01,61.6,7406.0,6818.698223635779,23292.362,11.15,268.0,1714.0,21304.2,102.5381,3.06,65.5,382600.0,249.856,5.586124431187969,854.3,57.9,4.7,6.1,1484.0,332073.0,1320.0
2021-05-01,61.5,7394.0,6228.46474386995,23292.362,9.9,268.2,1680.0,20899.7,99.2814,2.9625,65.5,382600.0,255.481,5.598421958998375,855.8,58.0,5.6,5.8,1600.0,332144.0,1338.0
2021-06-01,61.7,7400.0,6003.4035524946985,23292.362,8.7,268.4,1644.0,20934.3,96.703,2.975,65.5,382600.0,261.205999999999,5.598421958998375,857.8,58.0,5.8,5.9,1661.0,332231.0,1372.0
2021-07-01,61.8,7415.0,6367.764642790111,23828.973,9.4,269.453,1618.0,21156.5,95.8351,2.868,65.4,411200.0,265.545,5.608797575275796,867.2,58.4,5.7,5.4,1593.0,332358.0,1387.0
2021-08-01,61.7,7431.0,6084.0076726808265,23828.973,8.7,271.193,1837.0,21207.3,95.9847,2.8425,65.4,411200.0,268.820999999999,5.608797575275796,873.6,58.6,6.5,5.2,1576.0,332489.0,1412.0
2021-09-01,61.7,7472.0,5626.293244446902,23828.973,7.2,271.694,1636.0,21051.2,96.9222,2.9,65.4,411200.0,271.474,5.608797575275796,879.9,58.8,6.0,4.8,1560.0,332594.0,1437.0
2021-10-01,61.8,7514.0,5779.985138657483,24654.603,6.6,271.977,1727.0,21201.4,97.2735,3.0675,65.5,423600.0,273.682,5.608797575275796,882.8,59.0,6.8,4.5,1572.0,332692.0,1464.0
2021-11-01,61.9,7560.0,6531.039217458211,24654.603,6.2,270.722,1775.0,21297.7,101.2447,3.0675,65.5,423600.0,276.049,5.633628214732994,889.2,59.4,6.0,4.2,1712.0,332790.0,1493.0
2021-12-01,62.0,7594.0,6228.46474386995,24654.603,6.1,271.163,1948.0,21352.9,105.87,3.098,65.5,423600.0,278.63,5.633628214732994,896.4,59.5,5.6,3.9,1787.0,332876.0,1526.0
2022-01-01,62.2,7590.0,5762.868235693003,25029.116,4.1,280.267,1898.0,21294.8,102.9497,3.445,65.4,433100.0,282.015,5.6854351878381415,902.9,59.7,5.8,4.0,1669.0,332918.0,1553.0
2022-02-01,62.2,7669.0,6425.983866236655,25029.116,4.1,281.955,1817.0,21426.2,101.875,3.7625,65.4,433100.0,287.258,5.711426517707953,910.6,59.8,6.2,3.8,1771.0,332959.0,1581.0
2022-03-01,62.4,7692.0,6338.694069078201,25029.116,3.4,281.915,1877.0,21510.5,101.5162,4.172,65.4,433100.0,295.080999999999,5.711426517707953,913.6,60.1,7.0,3.6,1713.0,333056.0,1631.0
2022-04-01,62.2,7698.0,6367.764642790111,25544.273,3.1,287.439,1795.0,21581.3,97.823,4.9825,65.9,449300.0,301.728,5.722450471574612,918.3,59.9,8.5,3.6,1803.0,333184.0,1669.0
2022-05-01,62.3,7736.0,6865.89251636727,25544.273,3.1,287.567,1708.0,21657.1,98.8438,5.23,65.9,449300.0,306.506,5.722450471574612,925.1,60.0,8.3,3.6,1543.0,333317.0,1673.0
2022-06-01,62.2,7749.0,6548.580852134164,25544.273,2.7,288.522,1701.0,21740.7,100.5367,5.522,65.9,449300.0,308.301,5.738872874926819,921.4,59.9,9.5,3.6,1561.0,333460.0,1673.0
2022-07-01,62.1,7773.0,6571.984037303532,25994.639,3.5,296.731,1658.0,21910.5,99.3388,5.4125,66.0,468000.0,307.135999999999,5.738872874926819,924.1,59.9,10.1,3.5,1371.0,333624.0,1673.0
2022-08-01,62.3,7781.0,6332.883086633867,25994.639,3.2,299.595,1586.0,22024.3,97.9552,5.2225,66.0,468000.0,303.686,5.738872874926819,924.5,60.1,8.7,3.7,1505.0,333799.0,1673.0
2022-09-01,62.3,7797.0,6818.698223635779,25994.639,3.0,301.55,1588.0,22121.5,98.9721,6.112,66.0,468000.0,300.503,5.7426569740382565,924.6,60.1,9.7,3.5,1463.0,333976.0,1673.0
2022-10-01,62.2,7814.0,6292.235515028523,26408.405,3.0,306.085,1555.0,22242.2,99.6175,6.9,65.9,479500.0,298.727,5.7426569740382565,929.5,60.0,9.7,3.7,1432.0,334141.0,1673.0
2022-11-01,62.2,7833.0,7443.115859021504,26408.405,3.3,307.269,1402.0,22267.7,92.0686,6.805,65.9,479500.0,296.923,5.7426569740382565,929.0,59.9,9.4,3.6,1427.0,334287.0,1673.0
2022-12-01,62.3,7859.0,6536.88540369495,26408.405,3.4,307.445,1409.0,22312.3,92.3086,6.364,65.9,479500.0,294.415,5.7426569740382565,934.3,60.1,8.5,3.5,1357.0,334420.0,1673.0
2023-01-01,62.4,7885.0,6460.965175928958,26813.601,4.4,322.376,1354.0,22525.3,95.9918,6.2725,66.0,429000.0,292.849,5.806197657075406,935.8,60.2,8.1,3.4,1340.0,334533.0,1673.0
2023-02-01,62.5,7899.0,7647.574557258976,26813.601,4.7,326.256,1482.0,22648.4,98.5209,6.2575,66.0,429000.0,293.468,5.806197657075406,931.7,60.2,8.4,3.6,1436.0,334637.0,1673.0
2023-03-01,62.6,7890.0,7353.260709808586,26813.601,5.2,326.838,1437.0,22757.9,93.3392,6.544,66.0,429000.0,297.316,5.811221828032813,931.6,60.4,8.1,3.5,1380.0,334753.0,1673.0
2023-04-01,62.6,7901.0,6689.244581942783,27063.012,5.2,327.097,1417.0,22815.8,92.2793,6.3425,65.9,418500.0,301.469,5.821432168089572,928.1,60.4,7.6,3.4,1348.0,334880.0,1673.0
2023-05-01,62.6,7926.0,7389.177080535596,27063.012,5.3,329.026,1496.0,22893.1,97.6334,6.425,65.9,418500.0,305.427,5.821432168089572,927.8,60.3,7.2,3.7,1583.0,335013.0,1673.0
2023-06-01,62.6,7955.0,7138.487870019774,27063.012,4.9,328.71,1441.0,22941.5,97.0416,6.714,65.9,418500.0,308.307,5.821432168089572,929.5,60.3,7.5,3.6,1418.0,335163.0,1673.0
2023-07-01,62.6,7967.0,6583.691765160576,27623.543,4.1,331.181,1443.0,22994.3,94.5577,6.84,66.0,431000.0,310.162,5.821432168089572,922.6,60.4,7.0,3.5,1451.0,335329.0,1673.0
2023-08-01,62.3,7997.0,7425.1277200416325,27063.521,5.1,332.18,1423.0,21989.4,95.507,7.072,67.0,442000.0,311.499,5.791320102040688,924.2,60.2,8.2,3.4,1436.0,321220.0,1673.0
2023-09-01,62.6,8010.0,7209.939957632315,27803.503,4.9,315.189,2737.0,21676.3,91.6707,6.983,68.1,438000.0,301.405,5.818345516878777,929.0,60.5,7.5,3.3,1425.0,313359.0,1673.0
2023-10-01,62.7,8033.0,7079.051357612348,27600.501,5.5,333.186,1473.0,22492.3,92.6688,7.069,67.9,448000.0,303.298,5.763386968475823,933.7,59.4,8.9,3.1,1458.0,318324.0,1673.0
2023-11-01,62.8,8023.0,6589.547160971682,26703.32,5.4,324.187,1486.0,21994.1,93.6447,6.999,66.5,423000.0,299.675,5.797287996741878,924.1,59.8,8.5,3.7,1460.0,328329.0,1673.0
2023-12-01,62.9,8043.0,7377.201144314025,26723.87,5.8,311.162,1468.0,21921.7,96.5907,7.854,66.4,452000.0,300.609,5.9333718734538,930.3,60.7,7.8,3.5,1425.0,367329.0,1673.0
